{"iso3":"MWI","name":"Malawi","generated":"2026-07-13","code_adoption":{},"code_names":{},"metrics":{"baseline_aal_2025_usd":946974.0610478991,"baseline_aal_2025_structural_usd":909005.1530891112,"baseline_aal_2025_contents_usd":37968.907958787924,"baseline_fatalities_2025_per_yr":1.2522794656464051,"aal_ratio_2025":2.9688306799418936e-05,"aal_pct_gdp_2025":8.371432595874065e-05,"bcr_by_ssp":{"SSP1":2.2396711468547514,"SSP2":2.299374618387228,"SSP3":2.399771556504611,"SSP4":2.479515793669017,"SSP5":2.62821521335333},"npv_benefits_by_ssp":{"SSP1":107582696.56114262,"SSP2":114135279.9195473,"SSP3":124928074.08943039,"SSP4":133869830.23982449,"SSP5":153695315.57223678},"npv_costs_by_ssp":{"SSP1":48035041.533764794,"SSP2":49637531.44305008,"SSP3":52058319.3641125,"SSP4":53990311.56874912,"SSP5":58478968.8421815},"break_even_by_ssp":{"SSP1":2028.3,"SSP2":2028.2,"SSP3":2028.4,"SSP4":2028.3,"SSP5":2028.0},"lives_by_ssp":{"SSP1":14.65478603449407,"SSP2":16.70328474024793,"SSP3":18.192420611289208,"SSP4":20.866720070189174,"SSP5":24.939459522426898},"dalys_by_ssp":{"SSP1":585.6199047244177,"SSP2":667.4799615050476,"SSP3":726.9873200477281,"SSP4":833.8550007248297,"SSP5":996.6057419757013},"daly_factor":39.961000000000006,"daly_note":"DALYs = deaths x (YLL 38 = life expectancy 68 - age 30) + 3 injuries/death x 0.8 YLD each","job_years_by_ssp":{"SSP1":2115.81114056917,"SSP2":2381.6177157811376,"SSP3":2626.758271893367,"SSP4":2973.0624884922927,"SSP5":3539.39108840044},"discount_rate":0.05,"intervention":{"kind":"code_upgrade","in_force":"CDN","target":"CDL","premium_mode":"pct_of_ucc","premium_usd_m2":15.0,"premium_pct":0.01,"checklist":null,"note":"Raise new construction from CDN (in force) to CDL - premium 1.0% of construction cost (UCC). Assumption: leapfrogging two code levels at once is unlikely; override with configure(target_level=...)."},"practice_p_national":0.5012753234461539,"comprehensiveness":1.0},"ssp_table":[{"ssp":"SSP1","bcr":2.24,"npv_benefits_usd":107600000.0,"npv_costs_usd":48040000.0,"break_even_year":2028.3,"lives_saved":15,"dalys_averted":586,"job_years":2116},{"ssp":"SSP2","bcr":2.299,"npv_benefits_usd":114100000.0,"npv_costs_usd":49640000.0,"break_even_year":2028.2,"lives_saved":17,"dalys_averted":667,"job_years":2382},{"ssp":"SSP3","bcr":2.4,"npv_benefits_usd":124900000.0,"npv_costs_usd":52060000.0,"break_even_year":2028.4,"lives_saved":18,"dalys_averted":727,"job_years":2627},{"ssp":"SSP4","bcr":2.48,"npv_benefits_usd":133900000.0,"npv_costs_usd":53990000.0,"break_even_year":2028.3,"lives_saved":21,"dalys_averted":834,"job_years":2973},{"ssp":"SSP5","bcr":2.628,"npv_benefits_usd":153700000.0,"npv_costs_usd":58480000.0,"break_even_year":2028.0,"lives_saved":25,"dalys_averted":997,"job_years":3539}],"dividends":{"d1_npv":2530000.0,"d2_npv":51040000.0,"d3_npv":60570000.0,"total_npv":114100000.0,"npv_costs":49640000.0,"bcr_headline":2.299,"investment":{"public_premium":18470000.0,"gov_upfront":1818000.0,"gov_ongoing":29350000.0},"counts":{"lives_saved":17,"dalys_averted":667,"job_years_preserved":2382,"job_years_created":34843},"components":[{"dividend":"D1","name":"avoided_direct_losses","kind":"economic","npv_usd":2127000.0,"placeholder":false},{"dividend":"D1","name":"avoided_reconstruction_carbon","kind":"environmental","npv_usd":403500.0,"placeholder":false},{"dividend":"D2","name":"investment_stimulus_gdp","kind":"economic","npv_usd":51040000.0,"placeholder":false},{"dividend":"D3","name":"durability_service_life","kind":"economic","npv_usd":60570000.0,"placeholder":false}],"url":"https://documents.worldbank.org/en/publication/documents-reports/documentdetail/993161515193991394","note":"The headline BCR counts ALL THREE dividends: D1 avoided direct losses + avoided-reconstruction carbon (GEM carbon accounting), D2 investment-stimulus GDP (multiplier on the program's own spending), D3 durability of compliant construction. Identical on the chart, the tiles, and every hex cell. Lives and DALYs stay counts."},"horizons":{"25":{"ssp_table":[{"ssp":"SSP1","bcr":1.789,"npv_benefits_usd":69940000.0,"npv_costs_usd":39100000.0,"break_even_year":2028.3,"lives_saved":4,"dalys_averted":158,"job_years":569},{"ssp":"SSP2","bcr":1.815,"npv_benefits_usd":72150000.0,"npv_costs_usd":39760000.0,"break_even_year":2028.2,"lives_saved":4,"dalys_averted":171,"job_years":609},{"ssp":"SSP3","bcr":1.881,"npv_benefits_usd":78240000.0,"npv_costs_usd":41590000.0,"break_even_year":2028.4,"lives_saved":5,"dalys_averted":186,"job_years":674},{"ssp":"SSP4","bcr":1.93,"npv_benefits_usd":83560000.0,"npv_costs_usd":43300000.0,"break_even_year":2028.3,"lives_saved":5,"dalys_averted":215,"job_years":765},{"ssp":"SSP5","bcr":2.027,"npv_benefits_usd":93520000.0,"npv_costs_usd":46140000.0,"break_even_year":2028.0,"lives_saved":6,"dalys_averted":257,"job_years":903}],"bins":{"npv_benefits":[1784.0,9138.0,19480.0,33790.0,61160.0],"npv_costs":[816.4,4218.0,9053.0,15190.0,27440.0],"npv_premium":[295.4,1536.0,3314.0,5571.0,10010.0],"bcr":[1.0,1.84,2.3,2.52],"fa_growth":[11530.0,60190.0,133200.0,263700.0,538800.0],"lives":[0.0001142,0.0006986,0.001923,0.004414,0.01138]},"reduction":{"year":2050,"aal_baseline_usd":1939000.0,"aal_reform_usd":1744000.0,"aal_reduction_pct":10.0,"aal_gdp_baseline_pct":0.007,"aal_gdp_reform_pct":0.006,"fatalities_baseline_yr":2.6,"fatalities_reform_yr":2.3,"fatalities_reduction_pct":11.5},"dividends":{"d1_npv":1284000.0,"d2_npv":40170000.0,"d3_npv":30700000.0,"total_npv":72150000.0,"npv_costs":39760000.0,"bcr_headline":1.815,"investment":{"public_premium":13730000.0,"gov_upfront":1818000.0,"gov_ongoing":24210000.0},"counts":{"lives_saved":4,"dalys_averted":171,"job_years_preserved":609,"job_years_created":17636},"components":[{"dividend":"D1","name":"avoided_direct_losses","kind":"economic","npv_usd":1079000.0,"placeholder":false},{"dividend":"D1","name":"avoided_reconstruction_carbon","kind":"environmental","npv_usd":204700.0,"placeholder":false},{"dividend":"D2","name":"investment_stimulus_gdp","kind":"economic","npv_usd":40170000.0,"placeholder":false},{"dividend":"D3","name":"durability_service_life","kind":"economic","npv_usd":30700000.0,"placeholder":false}],"url":"https://documents.worldbank.org/en/publication/documents-reports/documentdetail/993161515193991394","note":"The headline BCR counts ALL THREE dividends: D1 avoided direct losses + avoided-reconstruction carbon (GEM carbon accounting), D2 investment-stimulus GDP (multiplier on the program's own spending), D3 durability of compliant construction. Identical on the chart, the tiles, and every hex cell. Lives and DALYs stay counts."}},"50":{"ssp_table":[{"ssp":"SSP1","bcr":2.24,"npv_benefits_usd":107600000.0,"npv_costs_usd":48040000.0,"break_even_year":2028.3,"lives_saved":15,"dalys_averted":586,"job_years":2116},{"ssp":"SSP2","bcr":2.299,"npv_benefits_usd":114100000.0,"npv_costs_usd":49640000.0,"break_even_year":2028.2,"lives_saved":17,"dalys_averted":667,"job_years":2382},{"ssp":"SSP3","bcr":2.4,"npv_benefits_usd":124900000.0,"npv_costs_usd":52060000.0,"break_even_year":2028.4,"lives_saved":18,"dalys_averted":727,"job_years":2627},{"ssp":"SSP4","bcr":2.48,"npv_benefits_usd":133900000.0,"npv_costs_usd":53990000.0,"break_even_year":2028.3,"lives_saved":21,"dalys_averted":834,"job_years":2973},{"ssp":"SSP5","bcr":2.628,"npv_benefits_usd":153700000.0,"npv_costs_usd":58480000.0,"break_even_year":2028.0,"lives_saved":25,"dalys_averted":997,"job_years":3539}],"bins":{"npv_benefits":[1784.0,9138.0,19480.0,33790.0,61160.0],"npv_costs":[816.4,4218.0,9053.0,15190.0,27440.0],"npv_premium":[295.4,1536.0,3314.0,5571.0,10010.0],"bcr":[1.0,1.84,2.3,2.52],"fa_growth":[11530.0,60190.0,133200.0,263700.0,538800.0],"lives":[0.0001142,0.0006986,0.001923,0.004414,0.01138]},"reduction":{"year":2075,"aal_baseline_usd":3208000.0,"aal_reform_usd":2792000.0,"aal_reduction_pct":13.0,"aal_gdp_baseline_pct":0.004,"aal_gdp_reform_pct":0.004,"fatalities_baseline_yr":4.3,"fatalities_reform_yr":3.6,