{"iso3":"MWI","name":"Malawi","generated":"2026-07-11","metrics":{"baseline_aal_2025_usd":946974.0610478991,"baseline_aal_2025_structural_usd":909005.1530891112,"baseline_aal_2025_contents_usd":37968.907958787924,"baseline_fatalities_2025_per_yr":1.2522794656464051,"aal_ratio_2025":2.9688306799418936e-05,"aal_pct_gdp_2025":8.371432595874065e-05,"bcr_by_ssp":{"SSP1":2.673315650420789,"SSP2":2.732457207830836,"SSP3":2.8365279475426237,"SSP4":2.9171877119152096,"SSP5":3.0594678816649283},"npv_benefits_by_ssp":{"SSP1":160288552.92644387,"SSP2":171308622.95125058,"SSP3":189553394.82222477,"SSP4":204563104.6376555,"SSP5":237981419.99096742},"npv_costs_by_ssp":{"SSP1":59958708.168716975,"SSP2":62693981.98087213,"SSP3":66825851.29698476,"SSP4":70123394.46039778,"SSP5":77785232.3331012},"break_even_by_ssp":{"SSP1":2027.1,"SSP2":2027.0,"SSP3":2027.1,"SSP4":2027.1,"SSP5":2026.9},"lives_by_ssp":{"SSP1":14.65478603449407,"SSP2":16.70328474024793,"SSP3":18.192420611289208,"SSP4":20.866720070189174,"SSP5":24.939459522426898},"dalys_by_ssp":{"SSP1":585.6199047244177,"SSP2":667.4799615050476,"SSP3":726.9873200477281,"SSP4":833.8550007248297,"SSP5":996.6057419757013},"daly_factor":39.961000000000006,"daly_note":"DALYs = deaths x (YLL 38 = life expectancy 68 - age 30) + 3 injuries/death x 0.8 YLD each","job_years_by_ssp":{"SSP1":2115.81114049155,"SSP2":2381.617715610847,"SSP3":2626.7582716933425,"SSP4":2973.062488282579,"SSP5":3539.391088333601},"discount_rate":0.05,"intervention":{"kind":"code_upgrade","in_force":"CDN","target":"CDL","premium_mode":"pct_of_ucc","premium_usd_m2":15.0,"premium_pct":0.01,"checklist":null,"note":"Raise new construction from CDN (in force) to CDL - premium 1.0% of construction cost (UCC). Assumption: leapfrogging two code levels at once is unlikely; override with configure(target_level=...)."},"practice_p_national":0.5012753234461539,"comprehensiveness":1.0},"ssp_table":[{"ssp":"SSP1","bcr":2.673,"npv_benefits_usd":160300000.0,"npv_costs_usd":59960000.0,"break_even_year":2027.1,"lives_saved":15,"dalys_averted":586,"job_years":2116},{"ssp":"SSP2","bcr":2.732,"npv_benefits_usd":171300000.0,"npv_costs_usd":62690000.0,"break_even_year":2027.0,"lives_saved":17,"dalys_averted":667,"job_years":2382},{"ssp":"SSP3","bcr":2.837,"npv_benefits_usd":189600000.0,"npv_costs_usd":66830000.0,"break_even_year":2027.1,"lives_saved":18,"dalys_averted":727,"job_years":2627},{"ssp":"SSP4","bcr":2.917,"npv_benefits_usd":204600000.0,"npv_costs_usd":70120000.0,"break_even_year":2027.1,"lives_saved":21,"dalys_averted":834,"job_years":2973},{"ssp":"SSP5","bcr":3.059,"npv_benefits_usd":238000000.0,"npv_costs_usd":77790000.0,"break_even_year":2026.9,"lives_saved":25,"dalys_averted":997,"job_years":3539}],"dividends":{"d1_npv":2530000.0,"d2_npv":65400000.0,"d3_npv":103400000.0,"total_npv":171300000.0,"npv_costs":62690000.0,"bcr_headline":2.732,"investment":{"public_premium":31530000.0,"gov_upfront":1818000.0,"gov_ongoing":29350000.0},"counts":{"lives_saved":17,"dalys_averted":667,"job_years_preserved":2382,"job_years_created":45829},"components":[{"dividend":"D1","name":"avoided_direct_losses","kind":"economic","npv_usd":2127000.0,"placeholder":false},{"dividend":"D1","name":"avoided_reconstruction_carbon","kind":"environmental","npv_usd":403500.0,"placeholder":false},{"dividend":"D2","name":"investment_stimulus_gdp","kind":"economic","npv_usd":65400000.0,"placeholder":false},{"dividend":"D3","name":"durability_service_life","kind":"economic","npv_usd":103400000.0,"placeholder":false}],"url":"https://documents.worldbank.org/en/publication/documents-reports/documentdetail/993161515193991394","note":"The headline BCR counts ALL THREE dividends: D1 avoided direct losses + avoided-reconstruction carbon (GEM carbon accounting), D2 investment-stimulus GDP (multiplier on the program's own spending), D3 durability of compliant construction. Identical on the chart, the tiles, and every hex cell. Lives and DALYs stay counts."},"horizons":{"25":{"ssp_table":[{"ssp":"SSP1","bcr":2.085,"npv_benefits_usd":100800000.0,"npv_costs_usd":48330000.0,"break_even_year":2027.1,"lives_saved":4,"dalys_averted":158,"job_years":569},{"ssp":"SSP2","bcr":2.113,"npv_benefits_usd":104500000.0,"npv_costs_usd":49470000.0,"break_even_year":2027.0,"lives_saved":4,"dalys_averted":171,"job_years":609},{"ssp":"SSP3","bcr":2.183,"npv_benefits_usd":114800000.0,"npv_costs_usd":52590000.0,"break_even_year":2027.1,"lives_saved":5,"dalys_averted":186,"job_years":674},{"ssp":"SSP4","bcr":2.23,"npv_benefits_usd":123800000.0,"npv_costs_usd":55510000.0,"break_even_year":2027.1,"lives_saved":5,"dalys_averted":215,"job_years":765},{"ssp":"SSP5","bcr":2.329,"npv_benefits_usd":140600000.0,"npv_costs_usd":60350000.0,"break_even_year":2026.9,"lives_saved":6,"dalys_averted":257,"job_years":903}],"bins":{"npv_benefits":[2674.0,13580.0,28840.0,50400.0,91830.0],"npv_costs":[1022.0,5310.0,11420.0,19140.0,34600.0],"bcr":[1.0,2.14,2.74,3.02],"fa_growth":[11530.0,60190.0,133200.0,263700.0,538800.0],"lives":[0.0001142,0.0006986,0.001923,0.004414,0.01138]},"dividends":{"d1_npv":1284000.0,"d2_npv":50850000.0,"d3_npv":52390000.0,"total_npv":104500000.0,"npv_costs":49470000.0,"bcr_headline":2.113,"investment":{"public_premium":23440000.0,"gov_upfront":1818000.0,"gov_ongoing":24210000.0},"counts":{"lives_saved":4,"dalys_averted":171,"job_years_preserved":609,"job_years_created":22781},"components":[{"dividend":"D1","name":"avoided_direct_losses","kind":"economic","npv_usd":1079000.0,"placeholder":false},{"dividend":"D1","name":"avoided_reconstruction_carbon","kind":"environmental","npv_usd":204700.0,"placeholder":false},{"dividend":"D2","name":"investment_stimulus_gdp","kind":"economic","npv_usd":50850000.0,"placeholder":false},{"dividend":"D3","name":"durability_service_life","kind":"economic","npv_usd":52390000.0,"placeholder":false}],"url":"https://documents.worldbank.org/en/publication/documents-reports/documentdetail/993161515193991394","note":"The headline BCR counts ALL THREE dividends: D1 avoided direct losses + avoided-reconstruction carbon (GEM carbon accounting), D2 investment-stimulus GDP (multiplier on the program's own spending), D3 durability of compliant construction. Identical on the chart, the tiles, and every hex cell. Lives and DALYs stay counts."}},"50":{"ssp_table":[{"ssp":"SSP1","bcr":2.673,"npv_benefits_usd":160300000.0,"npv_costs_usd":59960000.0,"break_even_year":2027.1,"lives_saved":15,"dalys_averted":586,"job_years":2116},{"ssp":"SSP2","bcr":2.732,"npv_benefits_usd":171300000.0,"npv_costs_usd":62690000.0,"break_even_year":2027.0,"lives_saved":17,"dalys_averted":667,"job_years":2382},{"ssp":"SSP3","bcr":2.837,"npv_benefits_usd":189600000.0,"npv_costs_usd":66830000.0,"break_even_year":2027.1,"lives_saved":18,"dalys_averted":727,"job_years":2627},{"ssp":"SSP4","bcr":2.917,"npv_benefits_usd":204600000.0,"npv_costs_usd":70120000.0,"break_even_year":2027.1,"lives_saved":21,"dalys_averted":834,"job_years":2973},{"ssp":"SSP5","bcr":3.059,"npv_benefits_usd":238000000.0,"npv_costs_usd":77790000.0,"break_even_year":2026.9,"lives_saved":25,"dalys_averted":997,"job_years":3539}],"bins":{"npv_benefits":[2674.0,13580.0,28840.0,50400.0,91830.0],"npv_costs":[1022.0,5310.0,11420.0,19140.0,34600.0],"bcr":[1.0,2.14,2.74,3.02],"fa_growth":[11530.0,60190.0,133200.0,263700.0,538800.0],"lives":[0.0001142,0.0006986,0.001923,0.004414,0.01138]},"dividends":{"d1_npv":2530000.0,"d2_npv":65400000.0,"d3_npv":103400000.0,"total_npv":171300000.0,"npv_costs":62690000.0,"bcr_headline":2.732,"investment":{"public_premium":31530000.0,"gov_upfront":1818000.0,"gov_ongoing":29350000.0},"counts":{"lives_saved":17,"dalys_averted":667,"job_years_preserved":2382,"job_years_created":45829},"components":[{"dividend":"D1","name":"avoided_direct_losses","kind":"economic","npv_usd":2127000.0,"placeholder":false},{"dividend":"D1","name":"avoided_reconstruction_carbon","kind":"environmental","npv_usd":403500.0,"placeholder":false},{"dividend":"D2",