{"iso3":"MWI","name":"Malawi","generated":"2026-07-10","metrics":{"baseline_aal_2025_usd":946974.0610478991,"baseline_aal_2025_structural_usd":909005.1530891112,"baseline_aal_2025_contents_usd":37968.907958787924,"baseline_fatalities_2025_per_yr":1.2522794656464051,"aal_ratio_2025":2.9688306799418936e-05,"aal_pct_gdp_2025":8.371432595874065e-05,"bcr_by_ssp":{"SSP1":10.822564615031181,"SSP2":11.160307845319872,"SSP3":11.77197753270181,"SSP4":12.23607252480935,"SSP5":13.063222837183345},"npv_benefits_by_ssp":{"SSP1":648906993.3897374,"SSP2":699684138.95547,"SSP3":786672420.0717767,"SSP4":858034940.3032415,"SSP5":1016125823.4093798},"npv_costs_by_ssp":{"SSP1":59958708.168716975,"SSP2":62693981.98087213,"SSP3":66825851.29698476,"SSP4":70123394.46039778,"SSP5":77785232.3331012},"break_even_by_ssp":{"SSP1":2025.4,"SSP2":2025.4,"SSP3":2025.4,"SSP4":2025.4,"SSP5":2025.4},"lives_by_ssp":{"SSP1":14.65478603449407,"SSP2":16.70328474024793,"SSP3":18.192420611289208,"SSP4":20.866720070189174,"SSP5":24.939459522426898},"dalys_by_ssp":{"SSP1":585.6199047244177,"SSP2":667.4799615050476,"SSP3":726.9873200477281,"SSP4":833.8550007248297,"SSP5":996.6057419757013},"daly_factor":39.961000000000006,"daly_note":"DALYs = deaths x (YLL 38 = life expectancy 68 - age 30) + 3 injuries/death x 0.8 YLD each","job_years_by_ssp":{"SSP1":2115.81114049155,"SSP2":2381.617715610847,"SSP3":2626.7582716933425,"SSP4":2973.062488282579,"SSP5":3539.391088333601},"discount_rate":0.05,"intervention":{"kind":"code_upgrade","in_force":"CDN","target":"CDL","premium_mode":"pct_of_ucc","premium_usd_m2":15.0,"premium_pct":0.01,"checklist":null,"note":"Raise new construction from CDN (in force) to CDL - premium 1.0% of construction cost (UCC). Assumption: leapfrogging two code levels at once is unlikely; override with configure(target_level=...)."},"practice_p_national":0.5012753234461539,"comprehensiveness":1.0},"ssp_table":[{"ssp":"SSP1","bcr":10.823,"npv_benefits_usd":648900000.0,"npv_costs_usd":59960000.0,"break_even_year":2025.4,"lives_saved":15,"dalys_averted":586,"job_years":2116},{"ssp":"SSP2","bcr":11.16,"npv_benefits_usd":699700000.0,"npv_costs_usd":62690000.0,"break_even_year":2025.4,"lives_saved":17,"dalys_averted":667,"job_years":2382},{"ssp":"SSP3","bcr":11.772,"npv_benefits_usd":786700000.0,"npv_costs_usd":66830000.0,"break_even_year":2025.4,"lives_saved":18,"dalys_averted":727,"job_years":2627},{"ssp":"SSP4","bcr":12.236,"npv_benefits_usd":858000000.0,"npv_costs_usd":70120000.0,"break_even_year":2025.4,"lives_saved":21,"dalys_averted":834,"job_years":2973},{"ssp":"SSP5","bcr":13.063,"npv_benefits_usd":1016000000.0,"npv_costs_usd":77790000.0,"break_even_year":2025.4,"lives_saved":25,"dalys_averted":997,"job_years":3539}],"dividends":{"d1_npv":2530000.0,"d2_npv":65400000.0,"d3_npv":631800000.0,"total_npv":699700000.0,"npv_costs":62690000.0,"bcr_headline":11.16,"investment":{"public_premium":31530000.0,"gov_upfront":1818000.0,"gov_ongoing":29350000.0},"counts":{"lives_saved":17,"dalys_averted":667,"job_years_preserved":2382,"job_years_created":45829},"components":[{"dividend":"D1","name":"avoided_direct_losses","kind":"economic","npv_usd":2127000.0,"placeholder":false},{"dividend":"D1","name":"avoided_reconstruction_carbon","kind":"environmental","npv_usd":403500.0,"placeholder":false},{"dividend":"D2","name":"investment_stimulus_gdp","kind":"economic","npv_usd":65400000.0,"placeholder":false},{"dividend":"D3","name":"durability_service_life","kind":"economic","npv_usd":631800000.0,"placeholder":false}],"url":"https://documents.worldbank.org/en/publication/documents-reports/documentdetail/993161515193991394","note":"The headline BCR counts ALL THREE dividends: D1 avoided direct losses + avoided-reconstruction carbon (GEM carbon accounting), D2 investment-stimulus GDP (multiplier on the program's own spending), D3 durability of compliant construction. Identical on the chart, the tiles, and every hex cell. Lives and DALYs stay counts."},"horizons":{"25":{"ssp_table":[{"ssp":"SSP1","bcr":7.372,"npv_benefits_usd":356300000.0,"npv_costs_usd":48330000.0,"break_even_year":2025.4,"lives_saved":4,"dalys_averted":158,"job_years":569},{"ssp":"SSP2","bcr":7.527,"npv_benefits_usd":372300000.0,"npv_costs_usd":49470000.0,"break_even_year":2025.4,"lives_saved":4,"dalys_averted":171,"job_years":609},{"ssp":"SSP3","bcr":7.929,"npv_benefits_usd":417000000.0,"npv_costs_usd":52590000.0,"break_even_year":2025.4,"lives_saved":5,"dalys_averted":186,"job_years":674},{"ssp":"SSP4","bcr":8.187,"npv_benefits_usd":454500000.0,"npv_costs_usd":55510000.0,"break_even_year":2025.4,"lives_saved":5,"dalys_averted":215,"job_years":765},{"ssp":"SSP5","bcr":8.754,"npv_benefits_usd":528400000.0,"npv_costs_usd":60350000.0,"break_even_year":2025.4,"lives_saved":6,"dalys_averted":257,"job_years":903}],"bins":{"npv_benefits":[6886.0,34720.0,72340.0,118800.0,214900.0],"npv_costs":[902.9,4566.0,9536.0,15760.0,28270.0],"bcr":[1.0,7.52,7.59,7.68],"fa_growth":[6663.0,33380.0,71760.0,122300.0,214700.0],"lives":[4.043e-05,0.0002757,0.0006657,0.001262,0.002608]},"dividends":{"d1_npv":1284000.0,"d2_npv":50850000.0,"d3_npv":320200000.0,"total_npv":372300000.0,"npv_costs":49470000.0,"bcr_headline":7.527,"investment":{"public_premium":23440000.0,"gov_upfront":1818000.0,"gov_ongoing":24210000.0},"counts":{"lives_saved":4,"dalys_averted":171,"job_years_preserved":609,"job_years_created":22781},"components":[{"dividend":"D1","name":"avoided_direct_losses","kind":"economic","npv_usd":1079000.0,"placeholder":false},{"dividend":"D1","name":"avoided_reconstruction_carbon","kind":"environmental","npv_usd":204700.0,"placeholder":false},{"dividend":"D2","name":"investment_stimulus_gdp","kind":"economic","npv_usd":50850000.0,"placeholder":false},{"dividend":"D3","name":"durability_service_life","kind":"economic","npv_usd":320200000.0,"placeholder":false}],"url":"https://documents.worldbank.org/en/publication/documents-reports/documentdetail/993161515193991394","note":"The headline BCR counts ALL THREE dividends: D1 avoided direct losses + avoided-reconstruction carbon (GEM carbon accounting), D2 investment-stimulus GDP (multiplier on the program's own spending), D3 durability of compliant construction. Identical on the chart, the tiles, and every hex cell. Lives and DALYs stay counts."}},"50":{"ssp_table":[{"ssp":"SSP1","bcr":10.823,"npv_benefits_usd":648900000.0,"npv_costs_usd":59960000.0,"break_even_year":2025.4,"lives_saved":15,"dalys_averted":586,"job_years":2116},{"ssp":"SSP2","bcr":11.16,"npv_benefits_usd":699700000.0,"npv_costs_usd":62690000.0,"break_even_year":2025.4,"lives_saved":17,"dalys_averted":667,"job_years":2382},{"ssp":"SSP3","bcr":11.772,"npv_benefits_usd":786700000.0,"npv_costs_usd":66830000.0,"break_even_year":2025.4,"lives_saved":18,"dalys_averted":727,"job_years":2627},{"ssp":"SSP4","bcr":12.236,"npv_benefits_usd":858000000.0,"npv_costs_usd":70120000.0,"break_even_year":2025.4,"lives_saved":21,"dalys_averted":834,"job_years":2973},{"ssp":"SSP5","bcr":13.063,"npv_benefits_usd":1016000000.0,"npv_costs_usd":77790000.0,"break_even_year":2025.4,"lives_saved":25,"dalys_averted":997,"job_years":3539}],"bins":{"npv_benefits":[12500.0,63730.0,135500.0,225900.0,403500.0],"npv_costs":[1137.0,5711.0,12190.0,20340.0,36280.0],"bcr":[1.0,11.1,11.2,11.3],"fa_growth":[14530.0,75250.0,166900.0,290000.0,512200.0],"lives":[0.0001545,0.001047,0.002581,0.004938,0.01034]},"dividends":{"d1_npv":2530000.0,"d2_npv":65400000.0,"d3_npv":631800000.0,"total_npv":699700000.0,"npv_costs":62690000.0,"bcr_headline":11.16,"investment":{"public_premium":31530000.0,"gov_upfront":1818000.0,"gov_ongoing":29350000.0},"counts":{"lives_saved":17,"dalys_averted":667,"job_years_preserved":2382,"job_years_created":45829},"components":[{"dividend":"D1","name":"avoided_direct_losses","kind":"economic","npv_usd":2127000.0,"placeholder":false},{"dividend":"D1","name":"avoided_reconstruction_carbon","kind":"environmental","npv_usd":403500.0,