{"iso3":"COL","name":"Colombia","generated":"2026-07-09","metrics":{"baseline_aal_2025_usd":393520504.222726,"baseline_aal_2025_structural_usd":367340763.6570015,"baseline_aal_2025_contents_usd":26179740.565724485,"baseline_fatalities_2025_per_yr":456.9367293129642,"aal_ratio_2025":0.0005776849033148864,"aal_pct_gdp_2025":0.0009358305110208177,"bcr_by_ssp":{"SSP1":3.122912301590112,"SSP2":3.1025163346680635,"SSP3":3.130070022167543,"SSP4":3.089254864670861,"SSP5":3.125929485253636},"npv_benefits_by_ssp":{"SSP1":19188651384.65379,"SSP2":20167189046.556473,"SSP3":19064674097.853535,"SSP4":20250547315.554737,"SSP5":24979309359.349438},"npv_costs_by_ssp":{"SSP1":6144473341.401034,"SSP2":6500268450.226918,"SSP3":6090813931.584647,"SSP4":6555155920.32977,"SSP5":7991002189.008954},"break_even_by_ssp":{"SSP1":2025.0,"SSP2":2025.0,"SSP3":2025.0,"SSP4":2025.0,"SSP5":2025.0},"lives_by_ssp":{"SSP1":117.03329887234447,"SSP2":125.01521620549023,"SSP3":115.89907338986562,"SSP4":125.26022977410106,"SSP5":149.28858868808152},"dalys_by_ssp":{"SSP1":5888.296366164267,"SSP2":6289.890572946829,"SSP3":5831.230079464308,"SSP4":6302.217940624347,"SSP5":7511.156762663444},"daly_factor":50.312999999999995,"daly_note":"DALYs = deaths x (YLL 48 = life expectancy 78 - age 30) + 3 injuries/death x 0.8 YLD each","job_years_by_ssp":{"SSP1":16445.561398759695,"SSP2":17365.057450352677,"SSP3":16228.498803475008,"SSP4":17466.774149501278,"SSP5":20284.019920109517},"discount_rate":0.05,"intervention":{"kind":"code_upgrade","in_force":"CDM","target":"CDH","premium_mode":"pct_of_ucc","premium_usd_m2":20.0,"premium_pct":0.03,"checklist":null,"note":"Raise new construction from CDM (in force) to CDH - premium 3.0% of construction cost (UCC). Assumption: leapfrogging two code levels at once is unlikely; override with configure(target_level=...)."},"practice_p_national":0.6578566000000001,"comprehensiveness":1.0},"ssp_table":[{"ssp":"SSP1","bcr":3.123,"npv_benefits_usd":19190000000.0,"npv_costs_usd":6144000000.0,"break_even_year":2025.0,"lives_saved":117,"dalys_averted":5888,"job_years":16446},{"ssp":"SSP2","bcr":3.103,"npv_benefits_usd":20170000000.0,"npv_costs_usd":6500000000.0,"break_even_year":2025.0,"lives_saved":125,"dalys_averted":6290,"job_years":17365},{"ssp":"SSP3","bcr":3.13,"npv_benefits_usd":19060000000.0,"npv_costs_usd":6091000000.0,"break_even_year":2025.0,"lives_saved":116,"dalys_averted":5831,"job_years":16228},{"ssp":"SSP4","bcr":3.089,"npv_benefits_usd":20250000000.0,"npv_costs_usd":6555000000.0,"break_even_year":2025.0,"lives_saved":125,"dalys_averted":6302,"job_years":17467},{"ssp":"SSP5","bcr":3.126,"npv_benefits_usd":24980000000.0,"npv_costs_usd":7991000000.0,"break_even_year":2025.0,"lives_saved":149,"dalys_averted":7511,"job_years":20284}],"dividends":{"d1_npv":145100000.0,"d2_npv":7147000000.0,"d3_npv":12880000000.0,"total_npv":20170000000.0,"npv_costs":6500000000.0,"bcr_headline":3.103,"counts":{"lives_saved":125,"dalys_averted":6290,"job_years_preserved":17365,"job_years_created":639291},"components":[{"dividend":"D1","name":"avoided_direct_losses","kind":"economic","npv_usd":131300000.0,"placeholder":false},{"dividend":"D1","name":"avoided_reconstruction_carbon","kind":"environmental","npv_usd":13800000.0,"placeholder":false},{"dividend":"D2","name":"investment_stimulus_gdp","kind":"economic","npv_usd":7147000000.0,"placeholder":false},{"dividend":"D3","name":"durability_service_life","kind":"economic","npv_usd":12880000000.0,"placeholder":false}],"url":"https://documents.worldbank.org/en/publication/documents-reports/documentdetail/993161515193991394","note":"The headline BCR counts ALL THREE dividends: D1 avoided direct losses + avoided-reconstruction carbon (GEM carbon accounting), D2 investment-stimulus GDP (multiplier on the program's own spending), D3 durability of compliant construction. Identical on the chart, the tiles, and every hex cell. Lives and DALYs stay counts."},"context":{"labor_force":26786696.0,"labor_force_year":2024},"hazard_image":{"bounds":[-81.7353,-4.2258,-66.8501,15.797],"bins":[0.01,0.02,0.03,0.05,0.08,0.13,0.2,0.35,0.55,0.9,1.5],"colors":["#ffffff","#d7e3ee","#b5caff","#8fb3ff","#7f97ff","#abcf63","#e8f59e","#fffa14","#ffd121","#ffa30a","#ff4c00"],"file":"hazard.png"},"hex":{"res":5,"n":4271,"cost_allocation":"new_value","bins":{"npv_benefits":[2.413,2716.0,28580.0,236600.0,2221000.0],"npv_costs":[0.7538,792.9,8598.0,71430.0,706100.0],"bcr":[1.0,3.17,3.29,3.39],"aal_2025":[8.849e-06,1.011,379.6,5188.0,40730.0],"repl_value":[2975.0,571300.0,3593000.0,21590000.0,97310000.0],"aal_ratio":[1.445e-07,2.122e-05,0.0001584,0.000527,0.001211],"pga_475":[0.05,0.1,0.2,0.35,0.55,0.9],"floor_area_m2":[14.11,2631.0,16420.0,89680.0,406000.0],"fa_growth":[0.5884,376.4,4331.0,38650.0,493500.0]}}}