{"iso3":"COL","name":"Colombia","generated":"2026-07-10","metrics":{"baseline_aal_2025_usd":383066229.4655697,"baseline_aal_2025_structural_usd":355372017.9149896,"baseline_aal_2025_contents_usd":27694211.550580062,"baseline_fatalities_2025_per_yr":639.9864093064216,"aal_ratio_2025":0.0005623381128998767,"aal_pct_gdp_2025":0.0009109692161623307,"bcr_by_ssp":{"SSP1":2.4152954502722226,"SSP2":2.397617540416275,"SSP3":2.417875124254733,"SSP4":2.390119184461388,"SSP5":2.40917299173453},"npv_benefits_by_ssp":{"SSP1":8215564806.712863,"SSP2":8627903721.381927,"SSP3":8153217878.920727,"SSP4":8671701854.350597,"SSP5":10653957945.569973},"npv_costs_by_ssp":{"SSP1":3401474053.945204,"SSP2":3598532116.128892,"SSP3":3372059126.2684875,"SSP4":3628146207.4054527,"SSP5":4422246962.805047},"break_even_by_ssp":{"SSP1":2025.1,"SSP2":2025.0,"SSP3":2025.0,"SSP4":2025.0,"SSP5":2025.0},"lives_by_ssp":{"SSP1":7854.610912068095,"SSP2":8266.796465583671,"SSP3":7726.551340546675,"SSP4":8315.12779928566,"SSP5":9645.327604344448},"dalys_by_ssp":{"SSP1":395189.038818882,"SSP2":415927.3305729112,"SSP3":388745.9775969248,"SSP4":418359.02496545936,"SSP5":485285.3677573821},"daly_factor":50.312999999999995,"daly_note":"DALYs = deaths x (YLL 48 = life expectancy 78 - age 30) + 3 injuries/death x 0.8 YLD each","job_years_by_ssp":{"SSP1":92601.34358061712,"SSP2":96954.71754468977,"SSP3":90939.81228364813,"SSP4":97682.87096320596,"SSP5":111798.41523442799},"discount_rate":0.05,"intervention":{"kind":"enforcement","in_force":"CDH","target":"CDH","delta_p":0.2,"premium_mode":"pct_of_ucc","premium_usd_m2":45.0,"premium_pct":0.055,"checklist":null,"note":"CDH already in force - default scenario raises the building practice factor (share of compliant construction)."},"practice_p_national":0.6578566000000001,"comprehensiveness":1.0},"ssp_table":[{"ssp":"SSP1","bcr":2.415,"npv_benefits_usd":8216000000.0,"npv_costs_usd":3401000000.0,"break_even_year":2025.1,"lives_saved":7855,"dalys_averted":395189,"job_years":92601},{"ssp":"SSP2","bcr":2.398,"npv_benefits_usd":8628000000.0,"npv_costs_usd":3599000000.0,"break_even_year":2025.0,"lives_saved":8267,"dalys_averted":415927,"job_years":96955},{"ssp":"SSP3","bcr":2.418,"npv_benefits_usd":8153000000.0,"npv_costs_usd":3372000000.0,"break_even_year":2025.0,"lives_saved":7727,"dalys_averted":388746,"job_years":90940},{"ssp":"SSP4","bcr":2.39,"npv_benefits_usd":8672000000.0,"npv_costs_usd":3628000000.0,"break_even_year":2025.0,"lives_saved":8315,"dalys_averted":418359,"job_years":97683},{"ssp":"SSP5","bcr":2.409,"npv_benefits_usd":10650000000.0,"npv_costs_usd":4422000000.0,"break_even_year":2025.0,"lives_saved":9645,"dalys_averted":485285,"job_years":111798}],"dividends":{"d1_npv":801100000.0,"d2_npv":3955000000.0,"d3_npv":3872000000.0,"total_npv":8628000000.0,"npv_costs":3599000000.0,"bcr_headline":2.398,"counts":{"lives_saved":8267,"dalys_averted":415927,"job_years_preserved":96955,"job_years_created":353779},"components":[{"dividend":"D1","name":"avoided_direct_losses","kind":"economic","npv_usd":724900000.0,"placeholder":false},{"dividend":"D1","name":"avoided_reconstruction_carbon","kind":"environmental","npv_usd":76190000.0,"placeholder":false},{"dividend":"D2","name":"investment_stimulus_gdp","kind":"economic","npv_usd":3955000000.0,"placeholder":false},{"dividend":"D3","name":"durability_service_life","kind":"economic","npv_usd":3872000000.0,"placeholder":false}],"url":"https://documents.worldbank.org/en/publication/documents-reports/documentdetail/993161515193991394","note":"The headline BCR counts ALL THREE dividends: D1 avoided direct losses + avoided-reconstruction carbon (GEM carbon accounting), D2 investment-stimulus GDP (multiplier on the program's own spending), D3 durability of compliant construction. Identical on the chart, the tiles, and every hex cell. Lives and DALYs stay counts."},"context":{"labor_force":26786696.0,"labor_force_year":2024},"hazard_image":{"bounds":[-81.7353,-4.2258,-66.8501,15.797],"bins":[0.01,0.02,0.03,0.05,0.08,0.13,0.2,0.35,0.55,0.9,1.5],"colors":["#ffffff","#d7e3ee","#b5caff","#8fb3ff","#7f97ff","#abcf63","#e8f59e","#fffa14","#ffd121","#ffa30a","#ff4c00"],"file":"hazard.png"},"hex":{"res":5,"n":4271,"cost_allocation":"new_value","bins":{"npv_benefits":[0.9718,1092.0,11320.0,96620.0,941000.0],"npv_costs":[0.4209,443.8,4814.0,39790.0,394800.0],"bcr":[1.0,2.29,2.36,2.48],"aal_2025":[0.0002226,1.383,370.3,4774.0,38870.0],"repl_value":[2975.0,571300.0,3593000.0,21590000.0,97310000.0],"aal_ratio":[2.456e-07,2.448e-05,0.0001435,0.0004895,0.001104],"pga_475":[0.05,0.1,0.2,0.35,0.55,0.9],"floor_area_m2":[14.11,2631.0,16420.0,89680.0,406000.0],"fa_growth":[0.5884,376.4,4331.0,38650.0,493500.0]}}}