{"iso3":"COL","name":"Colombia","generated":"2026-07-10","metrics":{"baseline_aal_2025_usd":419581280.71219057,"baseline_aal_2025_structural_usd":389044669.06159997,"baseline_aal_2025_contents_usd":30536611.65059059,"baseline_fatalities_2025_per_yr":757.0853484140696,"aal_ratio_2025":0.0006159419114887385,"aal_pct_gdp_2025":0.0009978056038508762,"bcr_by_ssp":{"SSP1":5.439735296456913,"SSP2":5.396282489513917,"SSP3":5.445996988720173,"SSP4":5.3775695337908855,"SSP5":5.4282096631758945},"npv_benefits_by_ssp":{"SSP1":7356868797.032077,"SSP2":7615466898.330106,"SSP3":7317935708.516481,"SSP4":7635547536.611521,"SSP5":8992397649.542566},"npv_costs_by_ssp":{"SSP1":1352431395.296727,"SSP2":1411243186.9770567,"SSP3":1343727461.413125,"SSP4":1419888202.0273733,"SSP5":1656604701.646945},"break_even_by_ssp":{"SSP1":2025.0,"SSP2":2025.0,"SSP3":2025.0,"SSP4":2025.0,"SSP5":2025.0},"lives_by_ssp":{"SSP1":9800.28270383897,"SSP2":10196.935202197705,"SSP3":9675.701221472777,"SSP4":10242.319400540435,"SSP5":11524.207572615574},"dalys_by_ssp":{"SSP1":493081.62367825,"SSP2":513038.4008281731,"SSP3":486813.5555559598,"SSP4":515321.81599939085,"SSP5":579817.4556010073},"daly_factor":50.312999999999995,"daly_note":"DALYs = deaths x (YLL 48 = life expectancy 78 - age 30) + 3 injuries/death x 0.8 YLD each","job_years_by_ssp":{"SSP1":114957.1803092059,"SSP2":119152.76045019906,"SSP3":113340.1145849299,"SSP4":119838.6699222185,"SSP5":133474.49594818614},"discount_rate":0.05,"intervention":{"kind":"enforcement","in_force":"CDH","target":"CDH","delta_p":0.2,"premium_mode":"pct_of_ucc","premium_usd_m2":45.0,"premium_pct":0.055,"checklist":null,"note":"CDH already in force - default scenario raises the building practice factor (share of compliant construction)."},"practice_p_national":0.6778446270622199,"comprehensiveness":1.0},"ssp_table":[{"ssp":"SSP1","bcr":5.44,"npv_benefits_usd":7357000000.0,"npv_costs_usd":1352000000.0,"break_even_year":2025.0,"lives_saved":9800,"dalys_averted":493082,"job_years":114957},{"ssp":"SSP2","bcr":5.396,"npv_benefits_usd":7615000000.0,"npv_costs_usd":1411000000.0,"break_even_year":2025.0,"lives_saved":10197,"dalys_averted":513038,"job_years":119153},{"ssp":"SSP3","bcr":5.446,"npv_benefits_usd":7318000000.0,"npv_costs_usd":1344000000.0,"break_even_year":2025.0,"lives_saved":9676,"dalys_averted":486814,"job_years":113340},{"ssp":"SSP4","bcr":5.378,"npv_benefits_usd":7636000000.0,"npv_costs_usd":1420000000.0,"break_even_year":2025.0,"lives_saved":10242,"dalys_averted":515322,"job_years":119839},{"ssp":"SSP5","bcr":5.428,"npv_benefits_usd":8992000000.0,"npv_costs_usd":1657000000.0,"break_even_year":2025.0,"lives_saved":11524,"dalys_averted":579817,"job_years":133474}],"dividends":{"d1_npv":1013000000.0,"d2_npv":1549000000.0,"d3_npv":5054000000.0,"total_npv":7615000000.0,"npv_costs":1411000000.0,"bcr_headline":5.396,"investment":{"public_premium":1380000000.0,"gov_upfront":1818000.0,"gov_ongoing":29350000.0},"counts":{"lives_saved":10197,"dalys_averted":513038,"job_years_preserved":119153,"job_years_created":132526},"components":[{"dividend":"D1","name":"avoided_direct_losses","kind":"economic","npv_usd":916800000.0,"placeholder":false},{"dividend":"D1","name":"avoided_reconstruction_carbon","kind":"environmental","npv_usd":96350000.0,"placeholder":false},{"dividend":"D2","name":"investment_stimulus_gdp","kind":"economic","npv_usd":1549000000.0,"placeholder":false},{"dividend":"D3","name":"durability_service_life","kind":"economic","npv_usd":5054000000.0,"placeholder":false}],"url":"https://documents.worldbank.org/en/publication/documents-reports/documentdetail/993161515193991394","note":"The headline BCR counts ALL THREE dividends: D1 avoided direct losses + avoided-reconstruction carbon (GEM carbon accounting), D2 investment-stimulus GDP (multiplier on the program's own spending), D3 durability of compliant construction. Identical on the chart, the tiles, and every hex cell. Lives and DALYs stay counts."},"horizons":{"25":{"ssp_table":[{"ssp":"SSP1","bcr":3.943,"npv_benefits_usd":4145000000.0,"npv_costs_usd":1051000000.0,"break_even_year":2025.0,"lives_saved":2540,"dalys_averted":127786,"job_years":29775},{"ssp":"SSP2","bcr":3.91,"npv_benefits_usd":4121000000.0,"npv_costs_usd":1054000000.0,"break_even_year":2025.0,"lives_saved":2509,"dalys_averted":126214,"job_years":29225},{"ssp":"SSP3","bcr":3.964,"npv_benefits_usd":4131000000.0,"npv_costs_usd":1042000000.0,"break_even_year":2025.0,"lives_saved":2506,"dalys_averted":126084,"job_years":29222},{"ssp":"SSP4","bcr":3.923,"npv_benefits_usd":4180000000.0,"npv_costs_usd":1065000000.0,"break_even_year":2025.0,"lives_saved":2547,"dalys_averted":128154,"job_years":29710},{"ssp":"SSP5","bcr":4.095,"npv_benefits_usd":5119000000.0,"npv_costs_usd":1250000000.0,"break_even_year":2025.0,"lives_saved":3085,"dalys_averted":155193,"job_years":35830}],"bins":{"npv_benefits":[852.3,5764.0,27980.0,140200.0,712100.0],"npv_costs":[212.9,1440.0,7004.0,34360.0,181800.0],"bcr":[1.0,3.75,3.91,4.15],"fa_growth":[150.4,1434.0,8719.0,45600.0,366800.0],"lives":[3.463e-06,0.0005017,0.005928,0.04582,0.3185]},"dividends":{"d1_npv":494300000.0,"d2_npv":1156000000.0,"d3_npv":2471000000.0,"total_npv":4121000000.0,"npv_costs":1054000000.0,"bcr_headline":3.91,"investment":{"public_premium":1028000000.0,"gov_upfront":1818000.0,"gov_ongoing":24210000.0},"counts":{"lives_saved":2509,"dalys_averted":126214,"job_years_preserved":29225,"job_years_created":65769},"components":[{"dividend":"D1","name":"avoided_direct_losses","kind":"economic","npv_usd":447300000.0,"placeholder":false},{"dividend":"D1","name":"avoided_reconstruction_carbon","kind":"environmental","npv_usd":47010000.0,"placeholder":false},{"dividend":"D2","name":"investment_stimulus_gdp","kind":"economic","npv_usd":1156000000.0,"placeholder":false},{"dividend":"D3","name":"durability_service_life","kind":"economic","npv_usd":2471000000.0,"placeholder":false}],"url":"https://documents.worldbank.org/en/publication/documents-reports/documentdetail/993161515193991394","note":"The headline BCR counts ALL THREE dividends: D1 avoided direct losses + avoided-reconstruction carbon (GEM carbon accounting), D2 investment-stimulus GDP (multiplier on the program's own spending), D3 durability of compliant construction. Identical on the chart, the tiles, and every hex cell. Lives and DALYs stay counts."}},"50":{"ssp_table":[{"ssp":"SSP1","bcr":5.44,"npv_benefits_usd":7357000000.0,"npv_costs_usd":1352000000.0,"break_even_year":2025.0,"lives_saved":9800,"dalys_averted":493082,"job_years":114957},{"ssp":"SSP2","bcr":5.396,"npv_benefits_usd":7615000000.0,"npv_costs_usd":1411000000.0,"break_even_year":2025.0,"lives_saved":10197,"dalys_averted":513038,"job_years":119153},{"ssp":"SSP3","bcr":5.446,"npv_benefits_usd":7318000000.0,"npv_costs_usd":1344000000.0,"break_even_year":2025.0,"lives_saved":9676,"dalys_averted":486814,"job_years":113340},{"ssp":"SSP4","bcr":5.378,"npv_benefits_usd":7636000000.0,"npv_costs_usd":1420000000.0,"break_even_year":2025.0,"lives_saved":10242,"dalys_averted":515322,"job_years":119839},{"ssp":"SSP5","bcr":5.428,"npv_benefits_usd":8992000000.0,"npv_costs_usd":1657000000.0,"break_even_year":2025.0,"lives_saved":11524,"dalys_averted":579817,"job_years":133474}],"bins":{"npv_benefits":[1270.0,8436.0,43410.0,220000.0,1261000.0],"npv_costs":[244.8,1648.0,8156.0,42090.0,230800.0],"bcr":[1.0,4.92,5.05,5.51],"fa_growth":[176.1,1765.0,11900.0,74920.0,733500.0],"lives":[1.061e-05,0.001541,0.01839,0.1491,1.085]},"dividends":{"d1_npv":1013000000.0,"d2_npv":1549000000.0,"d3_npv":5054000000.0,"total_npv":7615000000.0,"npv_costs":1411000000.0,"bcr_headline":5.396,"investment":{"public_premium":1380000000.0,"gov_upfront":1818000.0,"gov_ongoing":29350000.0},"counts":{"lives_saved":10197,"dalys_averted":513038,"job_years_preserved":119153,"job_years_created":132526},"components":[{"dividend":"D1","name":"avoided_direct_losses","kind":"economic","npv_usd":916800000.0,