{"iso3":"COL","name":"Colombia","generated":"2026-07-10","metrics":{"baseline_aal_2025_usd":419581280.7795967,"baseline_aal_2025_structural_usd":389044669.1247779,"baseline_aal_2025_contents_usd":30536611.654818796,"baseline_fatalities_2025_per_yr":757.0853485649186,"aal_ratio_2025":0.00061594191158769,"aal_pct_gdp_2025":0.0009978056040111747,"bcr_by_ssp":{"SSP1":2.4302361582772574,"SSP2":2.4159948694855444,"SSP3":2.432291013655798,"SSP4":2.4100948402293927,"SSP5":2.422536807117246},"npv_benefits_by_ssp":{"SSP1":10879160838.146376,"SSP2":11291499751.542505,"SSP3":10816813910.769985,"SSP4":11335297884.952904,"SSP5":13317553979.477417},"npv_costs_by_ssp":{"SSP1":4476585866.395133,"SSP2":4673643927.872615,"SSP3":4447170938.85572,"SSP4":4703258019.4537115,"SSP5":5497358777.109748},"break_even_by_ssp":{"SSP1":2025.0,"SSP2":2025.0,"SSP3":2025.0,"SSP4":2025.0,"SSP5":2025.0},"lives_by_ssp":{"SSP1":10203.177787611128,"SSP2":10615.363340199952,"SSP3":10075.118214985672,"SSP4":10663.69467252292,"SSP5":11993.894480710127},"dalys_by_ssp":{"SSP1":513352.4840280787,"SSP2":534090.7757354801,"SSP3":506909.422750574,"SSP4":536522.4700586457,"SSP5":603448.8130079686},"daly_factor":50.312999999999995,"daly_note":"DALYs = deaths x (YLL 48 = life expectancy 78 - age 30) + 3 injuries/death x 0.8 YLD each","job_years_by_ssp":{"SSP1":119432.12102175606,"SSP2":123785.49497396259,"SSP3":117770.5897093453,"SSP4":124513.64837306163,"SSP5":138629.19268568498},"discount_rate":0.05,"intervention":{"kind":"enforcement","in_force":"CDH","target":"CDH","delta_p":0.2,"premium_mode":"pct_of_ucc","premium_usd_m2":45.0,"premium_pct":0.055,"checklist":null,"note":"CDH already in force - default scenario raises the building practice factor (share of compliant construction)."},"practice_p_national":0.6578566000000001,"comprehensiveness":1.0},"ssp_table":[{"ssp":"SSP1","bcr":2.43,"npv_benefits_usd":10880000000.0,"npv_costs_usd":4477000000.0,"break_even_year":2025.0,"lives_saved":10203,"dalys_averted":513352,"job_years":119432},{"ssp":"SSP2","bcr":2.416,"npv_benefits_usd":11290000000.0,"npv_costs_usd":4674000000.0,"break_even_year":2025.0,"lives_saved":10615,"dalys_averted":534091,"job_years":123785},{"ssp":"SSP3","bcr":2.432,"npv_benefits_usd":10820000000.0,"npv_costs_usd":4447000000.0,"break_even_year":2025.0,"lives_saved":10075,"dalys_averted":506909,"job_years":117771},{"ssp":"SSP4","bcr":2.41,"npv_benefits_usd":11340000000.0,"npv_costs_usd":4703000000.0,"break_even_year":2025.0,"lives_saved":10664,"dalys_averted":536522,"job_years":124514},{"ssp":"SSP5","bcr":2.423,"npv_benefits_usd":13320000000.0,"npv_costs_usd":5497000000.0,"break_even_year":2025.0,"lives_saved":11994,"dalys_averted":603449,"job_years":138629}],"dividends":{"d1_npv":1053000000.0,"d2_npv":5137000000.0,"d3_npv":5101000000.0,"total_npv":11290000000.0,"npv_costs":4674000000.0,"bcr_headline":2.416,"counts":{"lives_saved":10615,"dalys_averted":534091,"job_years_preserved":123785,"job_years_created":440361},"components":[{"dividend":"D1","name":"avoided_direct_losses","kind":"economic","npv_usd":953200000.0,"placeholder":false},{"dividend":"D1","name":"avoided_reconstruction_carbon","kind":"environmental","npv_usd":100200000.0,"placeholder":false},{"dividend":"D2","name":"investment_stimulus_gdp","kind":"economic","npv_usd":5137000000.0,"placeholder":false},{"dividend":"D3","name":"durability_service_life","kind":"economic","npv_usd":5101000000.0,"placeholder":false}],"url":"https://documents.worldbank.org/en/publication/documents-reports/documentdetail/993161515193991394","note":"The headline BCR counts ALL THREE dividends: D1 avoided direct losses + avoided-reconstruction carbon (GEM carbon accounting), D2 investment-stimulus GDP (multiplier on the program's own spending), D3 durability of compliant construction. Identical on the chart, the tiles, and every hex cell. Lives and DALYs stay counts."},"context":{"labor_force":26786696.0,"labor_force_year":2024},"hazard_image":{"bounds":[-81.7353,-4.2258,-66.8501,15.797],"bins":[0.01,0.02,0.03,0.05,0.08,0.13,0.2,0.35,0.55,0.9,1.5],"colors":["#ffffff","#d7e3ee","#b5caff","#8fb3ff","#7f97ff","#abcf63","#e8f59e","#fffa14","#ffd121","#ffa30a","#ff4c00"],"file":"hazard.png"},"hex":{"res":5,"n":4271,"cost_allocation":"new_value","bins":{"npv_benefits":[14.13,3622.0,26410.0,196700.0,1343000.0],"npv_costs":[6.175,1525.0,11240.0,81770.0,557900.0],"bcr":[1.0,2.27,2.31,2.45],"aal_2025":[0.0002555,1.606,436.4,5429.0,44060.0],"repl_value":[2975.0,571300.0,3593000.0,21590000.0,97310000.0],"aal_ratio":[2.854e-07,2.991e-05,0.0001688,0.0005436,0.001196],"pga_475":[0.05,0.1,0.2,0.35,0.55,0.9],"floor_area_m2":[14.11,2631.0,16420.0,89680.0,406000.0],"fa_growth":[0.5884,376.4,4331.0,38650.0,493500.0]}}}