{"iso3":"COL","name":"Colombia","generated":"2026-07-10","metrics":{"baseline_aal_2025_usd":383066231.484647,"baseline_aal_2025_structural_usd":355372019.76816845,"baseline_aal_2025_contents_usd":27694211.716478538,"baseline_fatalities_2025_per_yr":639.9864125709742,"aal_ratio_2025":0.0005623381158638658,"aal_pct_gdp_2025":0.0009109692209638954,"bcr_by_ssp":{"SSP1":2.4295666087750445,"SSP2":2.415077715807062,"SSP3":2.4316588962522117,"SSP4":2.409069805214848,"SSP5":2.4218669631234353},"npv_benefits_by_ssp":{"SSP1":10659992278.249222,"SSP2":11072331190.98333,"SSP3":10597645351.237612,"SSP4":11116129325.30214,"SSP5":13098385416.834272},"npv_costs_by_ssp":{"SSP1":4387610629.709737,"SSP2":4584668691.4102955,"SSP3":4358195702.354145,"SSP4":4614282783.022458,"SSP5":5408383538.929626},"break_even_by_ssp":{"SSP1":2025.0,"SSP2":2025.0,"SSP3":2025.0,"SSP4":2025.0,"SSP5":2025.0},"lives_by_ssp":{"SSP1":10030.425555981632,"SSP2":10442.611109774303,"SSP3":9902.365985183947,"SSP4":10490.942443356455,"SSP5":11821.14224852336},"dalys_by_ssp":{"SSP1":504660.8009981038,"SSP2":525399.0927660745,"SSP3":498217.73981255986,"SSP4":527830.7871525933,"SSP5":594757.1299499557},"daly_factor":50.312999999999995,"daly_note":"DALYs = deaths x (YLL 48 = life expectancy 78 - age 30) + 3 injuries/death x 0.8 YLD each","job_years_by_ssp":{"SSP1":117617.32560669062,"SSP2":121970.6995702932,"SSP3":115955.79431633546,"SSP4":122698.85298492818,"SSP5":136814.397263569},"discount_rate":0.05,"intervention":{"kind":"enforcement","in_force":"CDH","target":"CDH","delta_p":0.2,"premium_mode":"pct_of_ucc","premium_usd_m2":45.0,"premium_pct":0.055,"checklist":null,"note":"CDH already in force - default scenario raises the building practice factor (share of compliant construction)."},"practice_p_national":0.6578566000000001,"comprehensiveness":1.0},"ssp_table":[{"ssp":"SSP1","bcr":2.43,"npv_benefits_usd":10660000000.0,"npv_costs_usd":4388000000.0,"break_even_year":2025.0,"lives_saved":10030,"dalys_averted":504661,"job_years":117617},{"ssp":"SSP2","bcr":2.415,"npv_benefits_usd":11070000000.0,"npv_costs_usd":4585000000.0,"break_even_year":2025.0,"lives_saved":10443,"dalys_averted":525399,"job_years":121971},{"ssp":"SSP3","bcr":2.432,"npv_benefits_usd":10600000000.0,"npv_costs_usd":4358000000.0,"break_even_year":2025.0,"lives_saved":9902,"dalys_averted":498218,"job_years":115956},{"ssp":"SSP4","bcr":2.409,"npv_benefits_usd":11120000000.0,"npv_costs_usd":4614000000.0,"break_even_year":2025.0,"lives_saved":10491,"dalys_averted":527831,"job_years":122699},{"ssp":"SSP5","bcr":2.422,"npv_benefits_usd":13100000000.0,"npv_costs_usd":5408000000.0,"break_even_year":2025.0,"lives_saved":11821,"dalys_averted":594757,"job_years":136814}],"dividends":{"d1_npv":1036000000.0,"d2_npv":5040000000.0,"d3_npv":4997000000.0,"total_npv":11070000000.0,"npv_costs":4585000000.0,"bcr_headline":2.415,"counts":{"lives_saved":10443,"dalys_averted":525399,"job_years_preserved":121971,"job_years_created":433798},"components":[{"dividend":"D1","name":"avoided_direct_losses","kind":"economic","npv_usd":937200000.0,"placeholder":false},{"dividend":"D1","name":"avoided_reconstruction_carbon","kind":"environmental","npv_usd":98500000.0,"placeholder":false},{"dividend":"D2","name":"investment_stimulus_gdp","kind":"economic","npv_usd":5040000000.0,"placeholder":false},{"dividend":"D3","name":"durability_service_life","kind":"economic","npv_usd":4997000000.0,"placeholder":false}],"url":"https://documents.worldbank.org/en/publication/documents-reports/documentdetail/993161515193991394","note":"The headline BCR counts ALL THREE dividends: D1 avoided direct losses + avoided-reconstruction carbon (GEM carbon accounting), D2 investment-stimulus GDP (multiplier on the program's own spending), D3 durability of compliant construction. Identical on the chart, the tiles, and every hex cell. Lives and DALYs stay counts."},"context":{"labor_force":26786696.0,"labor_force_year":2024},"hazard_image":{"bounds":[-81.7353,-4.2258,-66.8501,15.797],"bins":[0.01,0.02,0.03,0.05,0.08,0.13,0.2,0.35,0.55,0.9,1.5],"colors":["#ffffff","#d7e3ee","#b5caff","#8fb3ff","#7f97ff","#abcf63","#e8f59e","#fffa14","#ffd121","#ffa30a","#ff4c00"],"file":"hazard.png"},"hex":{"res":5,"n":4271,"cost_allocation":"new_value","bins":{"npv_benefits":[13.38,3450.0,25300.0,188500.0,1298000.0],"npv_costs":[5.851,1464.0,10850.0,78700.0,542000.0],"bcr":[1.0,2.27,2.31,2.45],"aal_2025":[0.0002226,1.383,370.3,4774.0,38870.0],"repl_value":[2975.0,571300.0,3593000.0,21590000.0,97310000.0],"aal_ratio":[2.456e-07,2.448e-05,0.0001435,0.0004895,0.001104],"pga_475":[0.05,0.1,0.2,0.35,0.55,0.9],"floor_area_m2":[14.11,2631.0,16420.0,89680.0,406000.0],"fa_growth":[0.5884,376.4,4331.0,38650.0,493500.0]}}}