{"iso3":"COL","name":"Colombia","generated":"2026-07-13","code_adoption":{"CDL":1984,"CDM":1998,"CDH":2010},"code_names":{"CDL":"CCCSR-84","CDM":"NSR-98","CDH":"NSR-10"},"metrics":{"baseline_aal_2025_usd":419581280.71338636,"baseline_aal_2025_structural_usd":389044669.0626561,"baseline_aal_2025_contents_usd":30536611.650730252,"baseline_fatalities_2025_per_yr":757.0853484254122,"aal_ratio_2025":0.0006159419114904938,"aal_pct_gdp_2025":0.0009978056038537201,"bcr_by_ssp":{"SSP1":2.449083450392536,"SSP2":2.4280489905666878,"SSP3":2.4474052087903453,"SSP4":2.423776849181775,"SSP5":2.431091991993009},"npv_benefits_by_ssp":{"SSP1":2996337080.588814,"SSP2":3092984264.797932,"SSP3":2972720105.4226847,"SSP4":3108059694.7208524,"SSP5":3623505608.842104},"npv_costs_by_ssp":{"SSP1":1223452422.6230693,"SSP2":1273855789.9015265,"SSP3":1214641570.078206,"SSP4":1282320893.4312909,"SSP5":1490484778.3532677},"break_even_by_ssp":{"SSP1":2025.1,"SSP2":2025.1,"SSP3":2025.1,"SSP4":2025.1,"SSP5":2025.1},"lives_by_ssp":{"SSP1":9782.518998851145,"SSP2":10177.991710808416,"SSP3":9658.011881131193,"SSP4":10223.443875261017,"SSP5":11502.210007485115},"dalys_by_ssp":{"SSP1":492187.8783891976,"SSP2":512085.2969459038,"SSP3":485923.55177535367,"SSP4":514372.1316960075,"SSP5":578710.6921065985},"daly_factor":50.312999999999995,"daly_note":"DALYs = deaths x (YLL 48 = life expectancy 78 - age 30) + 3 injuries/death x 0.8 YLD each","job_years_by_ssp":{"SSP1":114897.9237907454,"SSP2":119090.39048208075,"SSP3":113281.36847711258,"SSP4":119776.24094438239,"SSP5":133403.08419549506},"discount_rate":0.05,"intervention":{"kind":"enforcement","in_force":"CDH","target":"CDH","delta_p":0.2,"premium_mode":"pct_of_ucc","premium_usd_m2":45.0,"premium_pct":0.06,"checklist":null,"note":"CDH already in force - default scenario raises the building practice factor (share of compliant construction)."},"practice_p_national":0.6778446270622199,"comprehensiveness":1.0},"ssp_table":[{"ssp":"SSP1","bcr":2.449,"npv_benefits_usd":2996000000.0,"npv_costs_usd":1223000000.0,"break_even_year":2025.1,"lives_saved":9783,"dalys_averted":492188,"job_years":114898},{"ssp":"SSP2","bcr":2.428,"npv_benefits_usd":3093000000.0,"npv_costs_usd":1274000000.0,"break_even_year":2025.1,"lives_saved":10178,"dalys_averted":512085,"job_years":119090},{"ssp":"SSP3","bcr":2.447,"npv_benefits_usd":2973000000.0,"npv_costs_usd":1215000000.0,"break_even_year":2025.1,"lives_saved":9658,"dalys_averted":485924,"job_years":113281},{"ssp":"SSP4","bcr":2.424,"npv_benefits_usd":3108000000.0,"npv_costs_usd":1282000000.0,"break_even_year":2025.1,"lives_saved":10223,"dalys_averted":514372,"job_years":119776},{"ssp":"SSP5","bcr":2.431,"npv_benefits_usd":3624000000.0,"npv_costs_usd":1490000000.0,"break_even_year":2025.1,"lives_saved":11502,"dalys_averted":578711,"job_years":133403}],"dividends":{"d1_npv":1013000000.0,"d2_npv":1398000000.0,"d3_npv":682700000.0,"total_npv":3093000000.0,"npv_costs":1274000000.0,"bcr_headline":2.428,"investment":{"public_premium":1243000000.0,"gov_upfront":1818000.0,"gov_ongoing":29350000.0},"counts":{"lives_saved":10178,"dalys_averted":512085,"job_years_preserved":119090,"job_years_created":119461},"components":[{"dividend":"D1","name":"avoided_direct_losses","kind":"economic","npv_usd":916300000.0,"placeholder":false},{"dividend":"D1","name":"avoided_reconstruction_carbon","kind":"environmental","npv_usd":96300000.0,"placeholder":false},{"dividend":"D2","name":"investment_stimulus_gdp","kind":"economic","npv_usd":1398000000.0,"placeholder":false},{"dividend":"D3","name":"durability_service_life","kind":"economic","npv_usd":682700000.0,"placeholder":false}],"url":"https://documents.worldbank.org/en/publication/documents-reports/documentdetail/993161515193991394","note":"The headline BCR counts ALL THREE dividends: D1 avoided direct losses + avoided-reconstruction carbon (GEM carbon accounting), D2 investment-stimulus GDP (multiplier on the program's own spending), D3 durability of compliant construction. Identical on the chart, the tiles, and every hex cell. Lives and DALYs stay counts."},"horizons":{"25":{"ssp_table":[{"ssp":"SSP1","bcr":1.979,"npv_benefits_usd":1883000000.0,"npv_costs_usd":951800000.0,"break_even_year":2025.1,"lives_saved":2535,"dalys_averted":127548,"job_years":29760},{"ssp":"SSP2","bcr":1.965,"npv_benefits_usd":1872000000.0,"npv_costs_usd":952600000.0,"break_even_year":2025.1,"lives_saved":2504,"dalys_averted":125972,"job_years":29210},{"ssp":"SSP3","bcr":1.982,"npv_benefits_usd":1868000000.0,"npv_costs_usd":942400000.0,"break_even_year":2025.1,"lives_saved":2501,"dalys_averted":125845,"job_years":29207},{"ssp":"SSP4","bcr":1.97,"npv_benefits_usd":1897000000.0,"npv_costs_usd":962800000.0,"break_even_year":2025.1,"lives_saved":2542,"dalys_averted":127911,"job_years":29695},{"ssp":"SSP5","bcr":2.021,"npv_benefits_usd":2276000000.0,"npv_costs_usd":1127000000.0,"break_even_year":2025.1,"lives_saved":3079,"dalys_averted":154893,"job_years":35811}],"bins":{"npv_benefits":[375.3,2443.0,13370.0,71330.0,406500.0],"npv_costs":[196.6,1320.0,6580.0,33660.0,189300.0],"npv_premium":[190.8,1279.0,6392.0,32730.0,184300.0],"bcr":[1.0,1.68,1.83,2.35],"fa_growth":[168.5,1664.0,10780.0,65490.0,608500.0],"lives":[8.803e-06,0.0013,0.0152,0.1193,0.9388]},"reduction":{"year":2050,"aal_baseline_usd":570900000.0,"aal_reform_usd":483900000.0,"aal_reduction_pct":15.2,"aal_gdp_baseline_pct":0.066,"aal_gdp_reform_pct":0.056,"fatalities_baseline_yr":965.6,"fatalities_reform_yr":781.5,"fatalities_reduction_pct":19.1},"dividends":{"d1_npv":494100000.0,"d2_npv":1044000000.0,"d3_npv":333900000.0,"total_npv":1872000000.0,"npv_costs":952600000.0,"bcr_headline":1.965,"investment":{"public_premium":926500000.0,"gov_upfront":1818000.0,"gov_ongoing":24210000.0},"counts":{"lives_saved":2504,"dalys_averted":125972,"job_years_preserved":29210,"job_years_created":59415},"components":[{"dividend":"D1","name":"avoided_direct_losses","kind":"economic","npv_usd":447100000.0,"placeholder":false},{"dividend":"D1","name":"avoided_reconstruction_carbon","kind":"environmental","npv_usd":46990000.0,"placeholder":false},{"dividend":"D2","name":"investment_stimulus_gdp","kind":"economic","npv_usd":1044000000.0,"placeholder":false},{"dividend":"D3","name":"durability_service_life","kind":"economic","npv_usd":333900000.0,"placeholder":false}],"url":"https://documents.worldbank.org/en/publication/documents-reports/documentdetail/993161515193991394","note":"The headline BCR counts ALL THREE dividends: D1 avoided direct losses + avoided-reconstruction carbon (GEM carbon accounting), D2 investment-stimulus GDP (multiplier on the program's own spending), D3 durability of compliant construction. Identical on the chart, the tiles, and every hex cell. Lives and DALYs stay counts."}},"50":{"ssp_table":[{"ssp":"SSP1","bcr":2.449,"npv_benefits_usd":2996000000.0,"npv_costs_usd":1223000000.0,"break_even_year":2025.1,"lives_saved":9783,"dalys_averted":492188,"job_years":114898},{"ssp":"SSP2","bcr":2.428,"npv_benefits_usd":3093000000.0,"npv_costs_usd":1274000000.0,"break_even_year":2025.1,"lives_saved":10178,"dalys_averted":512085,"job_years":119090},{"ssp":"SSP3","bcr":2.447,"npv_benefits_usd":2973000000.0,"npv_costs_usd":1215000000.0,"break_even_year":2025.1,"lives_saved":9658,"dalys_averted":485924,"job_years":113281},{"ssp":"SSP4","bcr":2.424,"npv_benefits_usd":3108000000.0,"npv_costs_usd":1282000000.0,"break_even_year":2025.1,"lives_saved":10223,"dalys_averted":514372,"job_years":119776},{"ssp":"SSP5","bcr":2.431,"npv_benefits_usd":3624000000.0,"npv_costs_usd":1490000000.0,"break_even_year":2025.1,"lives_saved":11502,"dalys_averted":578711,"job_years":133403}],"bins":{"npv_benefits":[375.3,2443.0,13370.0,71330.0,406500.0],"npv_costs":[196.6,1320.0,6580.0,33660.0,189300.0],"npv_premium":[190.8,1279.0,6392.0,32730.0,184300.0],"bcr":[1.0,1.68,1.83,2.35],"fa_growth":[168.5,1664.0,10780.0,65490.0,608500.0],"lives":[8.803e-06,0.0013,0.0152,0.1193,0.9388]},