{"years":[2025,2030,2035,2040,2045,2050,2055,2060,2065,2070,2075,2080,2085,2090,2095,2100],"epoch_step":5,"t0":2025,"m_ref":1.1,"ramp":[0.625,1.0,1.0,1.0,1.0,1.0,1.0,1.0,1.0,1.0,1.0,1.0,1.0,1.0,1.0,1.0],"default_discount":0.05,"discount_rates":[0.03,0.05,0.07,0.1],"default_premium_pct":0.06,"premium_pcts":[0.01,0.03,0.05,0.08,0.12],"bfp":{"p_national":0.678,"k_min":0.5,"k_max":1.2},"horizons":[25,50,75],"default_horizon":50,"ssp":{"SSP1":{"d1_direct":[0.614858,13135600.0,26995500.0,47465600.0,65768400.0,86871000.0,101965000.0,123754000.0,139389000.0,154852000.0,167318000.0,180033000.0,188766000.0,199355000.0,206619000.0,210950000.0],"d1_carbon":[0.0646185,1380480.0,2837090.0,4988400.0,6911930.0,9129700.0,10716000.0,13006000.0,14649100.0,16274200.0,17584200.0,18920600.0,19838400.0,20951200.0,21714600.0,22169800.0],"d3_durability":[0.463976,9920510.0,20168900.0,35077400.0,48323200.0,63990300.0,74611600.0,90305800.0,101514000.0,112465000.0,121299000.0,130211000.0,136397000.0,143906000.0,149001000.0,152124000.0],"gov_upfront":[400000.0,0.0,0.0,0.0,0.0,0.0,0.0,0.0,0.0,0.0,0.0,0.0,0.0,0.0,0.0,0.0],"gov_ongoing":[1500000.0,1500000.0,1500000.0,1500000.0,1500000.0,1500000.0,1500000.0,1500000.0,1500000.0,1500000.0,1500000.0,1500000.0,1500000.0,1500000.0,1500000.0,1500000.0],"premium_base":[61.1035,1091260000.0,1127320000.0,1639940000.0,1457030000.0,1723390000.0,1168340000.0,1726370000.0,1232860000.0,1204650000.0,971717000.0,980392000.0,680458000.0,825917000.0,560460000.0,343550000.0]},"SSP2":{"d1_direct":[0.614858,13463700.0,27844000.0,43272700.0,64206700.0,87008000.0,108325000.0,131106000.0,146730000.0,163557000.0,175845000.0,192100000.0,199351000.0,208167000.0,215086000.0,222553000.0],"d1_carbon":[0.0646185,1414970.0,2926270.0,4547750.0,6747800.0,9144110.0,11384400.0,13778600.0,15420600.0,17189000.0,18480400.0,20188800.0,20950800.0,21877400.0,22604400.0,23389200.0],"d3_durability":[0.463976,10171200.0,20885300.0,32311400.0,47742700.0,64748200.0,80827200.0,97344300.0,109161000.0,121376000.0,130378000.0,142014000.0,147309000.0,153629000.0,158613000.0,163909000.0],"gov_upfront":[400000.0,0.0,0.0,0.0,0.0,0.0,0.0,0.0,0.0,0.0,0.0,0.0,0.0,0.0,0.0,0.0],"gov_ongoing":[1500000.0,1500000.0,1500000.0,1500000.0,1500000.0,1500000.0,1500000.0,1500000.0,1500000.0,1500000.0,1500000.0,1500000.0,1500000.0,1500000.0,1500000.0,1500000.0],"premium_base":[61.1035,1118840000.0,1178550000.0,1256870000.0,1697450000.0,1870600000.0,1768690000.0,1816880000.0,1299830000.0,1343700000.0,990164000.0,1280000000.0,582434000.0,695149000.0,548272000.0,582547000.0]},"SSP3":{"d1_direct":[0.614858,13278900.0,29591200.0,46268700.0,61552400.0,85081900.0,100647000.0,123070000.0,137289000.0,153812000.0,163873000.0,177418000.0,186950000.0,197864000.0,205868000.0,214460000.0],"d1_carbon":[0.0646185,1395540.0,3109880.0,4862610.0,6468850.0,8941680.0,10577500.0,12934100.0,14428400.0,16164900.0,17222200.0,18645700.0,19647500.0,20794500.0,21635700.0,22538600.0],"d3_durability":[0.463976,10048300.0,22267500.0,34729300.0,45719900.0,62760600.0,73935800.0,90101700.0,100303000.0,112096000.0,119246000.0,128882000.0,135979000.0,144194000.0,149902000.0,155936000.0],"gov_upfront":[400000.0,0.0,0.0,0.0,0.0,0.0,0.0,0.0,0.0,0.0,0.0,0.0,0.0,0.0,0.0,0.0],"gov_ongoing":[1500000.0,1500000.0,1500000.0,1500000.0,1500000.0,1500000.0,1500000.0,1500000.0,1500000.0,1500000.0,1500000.0,1500000.0,1500000.0,1500000.0,1500000.0,1500000.0],"premium_base":[61.1035,1105310000.0,1344120000.0,1370800000.0,1208970000.0,1874470000.0,1229270000.0,1778250000.0,1122130000.0,1297220000.0,786547000.0,1059890000.0,780747000.0,903558000.0,627964000.0,663732000.0]},"SSP4":{"d1_direct":[0.614858,13505200.0,28559000.0,43632400.0,66298400.0,87715100.0,104978000.0,125215000.0,148530000.0,167280000.0,181181000.0,194994000.0,206191000.0,216901000.0,228363000.0,237347000.0],"d1_carbon":[0.0646185,1419330.0,3001410.0,4585550.0,6967630.0,9218420.0,11032600.0,13159500.0,15609700.0,17580300.0,19041200.0,20492900.0,21669700.0,22795200.0,23999900.0,24944000.0],"d3_durability":[0.463976,10196600.0,21407100.0,32571100.0,49218100.0,65154100.0,77814300.0,92628500.0,109899000.0,123588000.0,133762000.0,143780000.0,151873000.0,159550000.0,167710000.0,174019000.0],"gov_upfront":[400000.0,0.0,0.0,0.0,0.0,0.0,0.0,0.0,0.0,0.0,0.0,0.0,0.0,0.0,0.0,0.0],"gov_ongoing":[1500000.0,1500000.0,1500000.0,1500000.0,1500000.0,1500000.0,1500000.0,1500000.0,1500000.0,1500000.0,1500000.0,1500000.0,1500000.0,1500000.0,1500000.0,1500000.0],"premium_base":[61.1035,1121620000.0,1233160000.0,1228050000.0,1831160000.0,1752970000.0,1392620000.0,1629570000.0,1899720000.0,1505810000.0,1119210000.0,1101930000.0,890269000.0,844460000.0,897561000.0,694006000.0]},"SSP5":{"d1_direct":[0.614858,13670600.0,44650800.0,55401200.0,80655100.0,94708600.0,119351000.0,138565000.0,156585000.0,176038000.0,197272000.0,224711000.0,235006000.0,244561000.0,251564000.0,257802000.0],"d1_carbon":[0.0646185,1436710.0,4692570.0,5822390.0,8476450.0,9953400.0,12543200.0,14562500.0,16456200.0,18500700.0,20732300.0,23616000.0,24697900.0,25702100.0,26438100.0,27093700.0],"d3_durability":[0.463976,10314300.0,33565400.0,41498500.0,61114400.0,71661600.0,90775700.0,105408000.0,118714000.0,132847000.0,149143000.0,169019000.0,176521000.0,183089000.0,189140000.0,193941000.0],"gov_upfront":[400000.0,0.0,0.0,0.0,0.0,0.0,0.0,0.0,0.0,0.0,0.0,0.0,0.0,0.0,0.0,0.0],"gov_ongoing":[1500000.0,1500000.0,1500000.0,1500000.0,1500000.0,1500000.0,1500000.0,1500000.0,1500000.0,1500000.0,1500000.0,1500000.0,1500000.0,1500000.0,1500000.0,1500000.0],"premium_base":[61.1035,1134580000.0,2557610000.0,872647000.0,2157750000.0,1160190000.0,2102550000.0,1609560000.0,1463660000.0,1554610000.0,1792600000.0,2186310000.0,825258000.0,722521000.0,665519000.0,528125000.0]}}}