{"years":[2025,2030,2035,2040,2045,2050,2055,2060,2065,2070,2075,2080,2085,2090,2095,2100],"epoch_step":5,"t0":2025,"m_ref":1.1,"ramp":[0.625,1.0,1.0,1.0,1.0,1.0,1.0,1.0,1.0,1.0,1.0,1.0,1.0,1.0,1.0,1.0],"default_discount":0.05,"discount_rates":[0.03,0.05,0.07,0.1],"default_premium_pct":0.055,"premium_pcts":[0.01,0.03,0.05,0.08,0.12],"bfp":{"p_national":0.678,"k_min":0.5,"k_max":1.2},"horizons":[25,50,75],"default_horizon":50,"ssp":{"SSP1":{"d1_direct":[0.615189,13142500.0,27009500.0,47489900.0,65802300.0,86916100.0,102018000.0,123818000.0,139461000.0,154932000.0,167403000.0,180126000.0,188863000.0,199457000.0,206724000.0,211057000.0],"d1_carbon":[0.0646533,1381210.0,2838560.0,4990950.0,6915490.0,9134450.0,10721600.0,13012700.0,14656600.0,16282500.0,17593300.0,18930300.0,19848500.0,20961900.0,21725700.0,22181100.0],"d3_durability":[0.565408,12032100.0,24440900.0,42315200.0,58315400.0,77303700.0,90145700.0,109168000.0,122750000.0,136009000.0,146732000.0,157525000.0,165004000.0,174099000.0,180249000.0,184031000.0],"gov_upfront":[400000.0,0.0,0.0,0.0,0.0,0.0,0.0,0.0,0.0,0.0,0.0,0.0,0.0,0.0,0.0,0.0],"gov_ongoing":[1500000.0,1500000.0,1500000.0,1500000.0,1500000.0,1500000.0,1500000.0,1500000.0,1500000.0,1500000.0,1500000.0,1500000.0,1500000.0,1500000.0,1500000.0,1500000.0],"premium_base":[74.4218,1323540000.0,1364960000.0,1966170000.0,1760030000.0,2088710000.0,1412620000.0,2092460000.0,1493990000.0,1458460000.0,1179580000.0,1187220000.0,822758000.0,1000350000.0,676591000.0,415965000.0]},"SSP2":{"d1_direct":[0.615189,13470900.0,27858600.0,43295400.0,64240500.0,87053600.0,108382000.0,131174000.0,146806000.0,163642000.0,175937000.0,192200000.0,199455000.0,208276000.0,215197000.0,222668000.0],"d1_carbon":[0.0646533,1415730.0,2927800.0,4550130.0,6751350.0,9148900.0,11390400.0,13785800.0,15428600.0,17198000.0,18490100.0,20199300.0,20961700.0,21888700.0,22616200.0,23401300.0],"d3_durability":[0.565408,12344600.0,25329200.0,39120000.0,57756800.0,78341200.0,97858400.0,117884000.0,132292000.0,147136000.0,158078000.0,172214000.0,178630000.0,186295000.0,192342000.0,198758000.0],"gov_upfront":[400000.0,0.0,0.0,0.0,0.0,0.0,0.0,0.0,0.0,0.0,0.0,0.0,0.0,0.0,0.0,0.0],"gov_ongoing":[1500000.0,1500000.0,1500000.0,1500000.0,1500000.0,1500000.0,1500000.0,1500000.0,1500000.0,1500000.0,1500000.0,1500000.0,1500000.0,1500000.0,1500000.0,1500000.0],"premium_base":[74.4218,1357910000.0,1428300000.0,1516990000.0,2050050000.0,2264280000.0,2146890000.0,2202770000.0,1584970000.0,1632760000.0,1203680000.0,1554890000.0,705792000.0,843173000.0,665145000.0,705787000.0]},"SSP3":{"d1_direct":[0.615189,13285900.0,29606700.0,46293000.0,61584600.0,85126200.0,100700000.0,123134000.0,137360000.0,153891000.0,163957000.0,177510000.0,187046000.0,197965000.0,205974000.0,214569000.0],"d1_carbon":[0.0646533,1396280.0,3111510.0,4865160.0,6472240.0,8946340.0,10583000.0,12940800.0,14435800.0,16173200.0,17231100.0,18655400.0,19657600.0,20805200.0,21646800.0,22550100.0],"d3_durability":[0.565408,12191200.0,27004400.0,42068300.0,55338300.0,75845100.0,89380500.0,108924000.0,121283000.0,135556000.0,144228000.0,155917000.0,164538000.0,174536000.0,181404000.0,188648000.0],"gov_upfront":[400000.0,0.0,0.0,0.0,0.0,0.0,0.0,0.0,0.0,0.0,0.0,0.0,0.0,0.0,0.0,0.0],"gov_ongoing":[1500000.0,1500000.0,1500000.0,1500000.0,1500000.0,1500000.0,1500000.0,1500000.0,1500000.0,1500000.0,1500000.0,1500000.0,1500000.0,1500000.0,1500000.0,1500000.0],"premium_base":[74.4218,1341040000.0,1629450000.0,1657030000.0,1459700000.0,2255740000.0,1488900000.0,2149800000.0,1359520000.0,1569940000.0,953916000.0,1285820000.0,948354000.0,1099750000.0,755543000.0,796748000.0]},"SSP4":{"d1_direct":[0.615189,13512400.0,28574000.0,43655200.0,66333100.0,87760900.0,105033000.0,125281000.0,148607000.0,167367000.0,181275000.0,195094000.0,206298000.0,217012000.0,228480000.0,237468000.0],"d1_carbon":[0.0646533,1420080.0,3002980.0,4587940.0,6971280.0,9223240.0,11038400.0,13166400.0,15617900.0,17589400.0,19051100.0,20503500.0,21680800.0,22806900.0,24012100.0,24956700.0],"d3_durability":[0.565408,12374100.0,25955400.0,39430200.0,59524400.0,78830000.0,94181300.0,112128000.0,133091000.0,149671000.0,162009000.0,174154000.0,183963000.0,193266000.0,203131000.0,210744000.0],"gov_upfront":[400000.0,0.0,0.0,0.0,0.0,0.0,0.0,0.0,0.0,0.0,0.0,0.0,0.0,0.0,0.0,0.0],"gov_ongoing":[1500000.0,1500000.0,1500000.0,1500000.0,1500000.0,1500000.0,1500000.0,1500000.0,1500000.0,1500000.0,1500000.0,1500000.0,1500000.0,1500000.0,1500000.0,1500000.0],"premium_base":[74.4218,1361150000.0,1493950000.0,1482230000.0,2210360000.0,2123620000.0,1688650000.0,1974170000.0,2305910000.0,1823760000.0,1357160000.0,1336050000.0,1078910000.0,1023330000.0,1085130000.0,837439000.0]},"SSP5":{"d1_direct":[0.615189,13678000.0,44674500.0,55430600.0,80697800.0,94759100.0,119415000.0,138640000.0,156669000.0,176132000.0,197378000.0,224830000.0,235131000.0,244691000.0,251699000.0,257940000.0],"d1_carbon":[0.0646533,1437490.0,4695070.0,5825480.0,8480940.0,9958710.0,12549900.0,14570300.0,16465100.0,18510600.0,20743400.0,23628500.0,24711100.0,25715800.0,26452300.0,27108200.0],"d3_durability":[0.565408,12529900.0,40708100.0,50293500.0,74119700.0,86964600.0,110332000.0,128192000.0,144441000.0,161655000.0,181513000.0,205648000.0,214811000.0,222820000.0,230288000.0,236186000.0],"gov_upfront":[400000.0,0.0,0.0,0.0,0.0,0.0,0.0,0.0,0.0,0.0,0.0,0.0,0.0,0.0,0.0,0.0],"gov_ongoing":[1500000.0,1500000.0,1500000.0,1500000.0,1500000.0,1500000.0,1500000.0,1500000.0,1500000.0,1500000.0,1500000.0,1500000.0,1500000.0,1500000.0,1500000.0,1500000.0],"premium_base":[74.4218,1378290000.0,3099610000.0,1054390000.0,2620880000.0,1412940000.0,2570410000.0,1964570000.0,1787480000.0,1893530000.0,2184390000.0,2654760000.0,1008030000.0,880994000.0,821392000.0,648790000.0]}}}