{"iso3":"MAR","name":"Morocco","generated":"2026-07-10","metrics":{"baseline_aal_2025_usd":97387251.57465842,"baseline_aal_2025_structural_usd":89666810.18115495,"baseline_aal_2025_contents_usd":7720441.393503466,"baseline_fatalities_2025_per_yr":229.60580644091644,"aal_ratio_2025":0.00012661014772923855,"aal_pct_gdp_2025":0.0006063548273754547,"bcr_by_ssp":{"SSP1":14.398150536569613,"SSP2":14.359567201892276,"SSP3":14.397559262252184,"SSP4":14.43184965487009,"SSP5":14.30529008120262},"npv_benefits_by_ssp":{"SSP1":21714554094.118515,"SSP2":23626685443.194035,"SSP3":21722120148.215527,"SSP4":23081761219.956215,"SSP5":29737864665.527786},"npv_costs_by_ssp":{"SSP1":1508148844.4620783,"SSP2":1645361946.5690134,"SSP3":1508736290.127107,"SSP4":1599362643.8706126,"SSP5":2078801932.4825728},"break_even_by_ssp":{"SSP1":2025.0,"SSP2":2025.0,"SSP3":2025.0,"SSP4":2025.0,"SSP5":2025.0},"lives_by_ssp":{"SSP1":96.48216266867236,"SSP2":107.49851267945543,"SSP3":97.01460336818577,"SSP4":104.9391393758024,"SSP5":129.6756906546438},"dalys_by_ssp":{"SSP1":4620.820216690725,"SSP2":5148.426267757159,"SSP3":4646.320399112521,"SSP4":5025.850202125303,"SSP5":6210.557852522855},"daly_factor":47.892999999999994,"daly_note":"DALYs = deaths x (YLL 45 = life expectancy 75 - age 30) + 3 injuries/death x 0.8 YLD each","job_years_by_ssp":{"SSP1":19268.048737427325,"SSP2":21373.066953732454,"SSP3":19432.48902905053,"SSP4":20855.608042624368,"SSP5":26566.40097629992},"discount_rate":0.05,"intervention":{"kind":"code_upgrade","in_force":"CDL","target":"CDM","premium_mode":"pct_of_ucc","premium_usd_m2":10.0,"premium_pct":0.015000000000000001,"checklist":null,"note":"Raise new construction from CDL (in force) to CDM - premium 1.5% of construction cost (UCC). Assumption: leapfrogging two code levels at once is unlikely; override with configure(target_level=...)."},"practice_p_national":0.6764308323145505,"comprehensiveness":1.0},"ssp_table":[{"ssp":"SSP1","bcr":14.398,"npv_benefits_usd":21710000000.0,"npv_costs_usd":1508000000.0,"break_even_year":2025.0,"lives_saved":96,"dalys_averted":4621,"job_years":19268},{"ssp":"SSP2","bcr":14.36,"npv_benefits_usd":23630000000.0,"npv_costs_usd":1645000000.0,"break_even_year":2025.0,"lives_saved":107,"dalys_averted":5148,"job_years":21373},{"ssp":"SSP3","bcr":14.398,"npv_benefits_usd":21720000000.0,"npv_costs_usd":1509000000.0,"break_even_year":2025.0,"lives_saved":97,"dalys_averted":4646,"job_years":19432},{"ssp":"SSP4","bcr":14.432,"npv_benefits_usd":23080000000.0,"npv_costs_usd":1599000000.0,"break_even_year":2025.0,"lives_saved":105,"dalys_averted":5026,"job_years":20856},{"ssp":"SSP5","bcr":14.305,"npv_benefits_usd":29740000000.0,"npv_costs_usd":2079000000.0,"break_even_year":2025.0,"lives_saved":130,"dalys_averted":6211,"job_years":26566}],"dividends":{"d1_npv":143400000.0,"d2_npv":1806000000.0,"d3_npv":21680000000.0,"total_npv":23630000000.0,"npv_costs":1645000000.0,"bcr_headline":14.36,"investment":{"public_premium":1614000000.0,"gov_upfront":1818000.0,"gov_ongoing":29350000.0},"counts":{"lives_saved":107,"dalys_averted":5148,"job_years_preserved":21373,"job_years_created":199957},"components":[{"dividend":"D1","name":"avoided_direct_losses","kind":"economic","npv_usd":130900000.0,"placeholder":false},{"dividend":"D1","name":"avoided_reconstruction_carbon","kind":"environmental","npv_usd":12470000.0,"placeholder":false},{"dividend":"D2","name":"investment_stimulus_gdp","kind":"economic","npv_usd":1806000000.0,"placeholder":false},{"dividend":"D3","name":"durability_service_life","kind":"economic","npv_usd":21680000000.0,"placeholder":false}],"url":"https://documents.worldbank.org/en/publication/documents-reports/documentdetail/993161515193991394","note":"The headline BCR counts ALL THREE dividends: D1 avoided direct losses + avoided-reconstruction carbon (GEM carbon accounting), D2 investment-stimulus GDP (multiplier on the program's own spending), D3 durability of compliant construction. Identical on the chart, the tiles, and every hex cell. Lives and DALYs stay counts."},"horizons":{"25":{"ssp_table":[{"ssp":"SSP1","bcr":10.2,"npv_benefits_usd":11750000000.0,"npv_costs_usd":1152000000.0,"break_even_year":2025.0,"lives_saved":26,"dalys_averted":1237,"job_years":5147},{"ssp":"SSP2","bcr":10.282,"npv_benefits_usd":12660000000.0,"npv_costs_usd":1232000000.0,"break_even_year":2025.0,"lives_saved":28,"dalys_averted":1336,"job_years":5538},{"ssp":"SSP3","bcr":10.157,"npv_benefits_usd":11570000000.0,"npv_costs_usd":1139000000.0,"break_even_year":2025.0,"lives_saved":25,"dalys_averted":1202,"job_years":5009},{"ssp":"SSP4","bcr":10.234,"npv_benefits_usd":12350000000.0,"npv_costs_usd":1207000000.0,"break_even_year":2025.0,"lives_saved":27,"dalys_averted":1311,"job_years":5428},{"ssp":"SSP5","bcr":10.063,"npv_benefits_usd":15290000000.0,"npv_costs_usd":1519000000.0,"break_even_year":2025.0,"lives_saved":32,"dalys_averted":1541,"job_years":6523}],"bins":{"npv_benefits":[1189.0,18310.0,102200.0,375300.0,1339000.0],"npv_costs":[121.2,1706.0,9472.0,35210.0,129300.0],"bcr":[1.0,10.5,10.9,11.3],"fa_growth":[192.3,2833.0,16310.0,67520.0,280400.0],"lives":[1.071e-08,6.544e-07,1.458e-05,0.0001785,0.002713]},"dividends":{"d1_npv":74020000.0,"d2_npv":1351000000.0,"d3_npv":11240000000.0,"total_npv":12660000000.0,"npv_costs":1232000000.0,"bcr_headline":10.282,"investment":{"public_premium":1206000000.0,"gov_upfront":1818000.0,"gov_ongoing":24210000.0},"counts":{"lives_saved":28,"dalys_averted":1336,"job_years_preserved":5538,"job_years_created":93515},"components":[{"dividend":"D1","name":"avoided_direct_losses","kind":"economic","npv_usd":67580000.0,"placeholder":false},{"dividend":"D1","name":"avoided_reconstruction_carbon","kind":"environmental","npv_usd":6438000.0,"placeholder":false},{"dividend":"D2","name":"investment_stimulus_gdp","kind":"economic","npv_usd":1351000000.0,"placeholder":false},{"dividend":"D3","name":"durability_service_life","kind":"economic","npv_usd":11240000000.0,"placeholder":false}],"url":"https://documents.worldbank.org/en/publication/documents-reports/documentdetail/993161515193991394","note":"The headline BCR counts ALL THREE dividends: D1 avoided direct losses + avoided-reconstruction carbon (GEM carbon accounting), D2 investment-stimulus GDP (multiplier on the program's own spending), D3 durability of compliant construction. Identical on the chart, the tiles, and every hex cell. Lives and DALYs stay counts."}},"50":{"ssp_table":[{"ssp":"SSP1","bcr":14.398,"npv_benefits_usd":21710000000.0,"npv_costs_usd":1508000000.0,"break_even_year":2025.0,"lives_saved":96,"dalys_averted":4621,"job_years":19268},{"ssp":"SSP2","bcr":14.36,"npv_benefits_usd":23630000000.0,"npv_costs_usd":1645000000.0,"break_even_year":2025.0,"lives_saved":107,"dalys_averted":5148,"job_years":21373},{"ssp":"SSP3","bcr":14.398,"npv_benefits_usd":21720000000.0,"npv_costs_usd":1509000000.0,"break_even_year":2025.0,"lives_saved":97,"dalys_averted":4646,"job_years":19432},{"ssp":"SSP4","bcr":14.432,"npv_benefits_usd":23080000000.0,"npv_costs_usd":1599000000.0,"break_even_year":2025.0,"lives_saved":105,"dalys_averted":5026,"job_years":20856},{"ssp":"SSP5","bcr":14.305,"npv_benefits_usd":29740000000.0,"npv_costs_usd":2079000000.0,"break_even_year":2025.0,"lives_saved":130,"dalys_averted":6211,"job_years":26566}],"bins":{"npv_benefits":[1828.0,27710.0,160400.0,628800.0,2440000.0],"npv_costs":[138.3,1944.0,10850.0,42750.0,170600.0],"bcr":[1.0,14.6,15.0,15.5],"fa_growth":[241.7,3986.0,25250.0,121100.0,612000.0],"lives":[3.104e-08,1.99e-06,4.702e-05,0.0005835,0.00927]},"dividends":{"d1_npv":143400000.0,"d2_npv":1806000000.0,"d3_npv":21680000000.0,"total_npv":23630000000.0,"npv_costs":1645000000.0,"bcr_headline":14.36,"investment":{"public_premium":1614000000.0,"gov_upfront":1818000.0,"gov_ongoing":29350000.0},"counts":{"lives_saved":107,"dalys_averted":5148,"job_years_preserved":21373,"job_years_created":199957},"components":[{"dividend":"D1","name":"avoided_direct_losses",