{"iso3":"MAR","name":"Morocco","generated":"2026-07-11","metrics":{"baseline_aal_2025_usd":97387251.57465842,"baseline_aal_2025_structural_usd":89666810.18115495,"baseline_aal_2025_contents_usd":7720441.393503466,"baseline_fatalities_2025_per_yr":229.60580644091644,"aal_ratio_2025":0.00012661014772923855,"aal_pct_gdp_2025":0.0006063548273754547,"bcr_by_ssp":{"SSP1":3.346068788478826,"SSP2":3.3408297301450767,"SSP3":3.3459147945536665,"SSP4":3.352789684179773,"SSP5":3.3290077686127346},"npv_benefits_by_ssp":{"SSP1":5046369776.834968,"SSP2":5496874107.947135,"SSP3":5048103074.2163,"SSP4":5362326573.631878,"SSP5":6920347782.64165},"npv_costs_by_ssp":{"SSP1":1508148844.4620783,"SSP2":1645361946.5690134,"SSP3":1508736290.127107,"SSP4":1599362643.8706126,"SSP5":2078801932.4825728},"break_even_by_ssp":{"SSP1":2025.1,"SSP2":2025.0,"SSP3":2025.1,"SSP4":2025.1,"SSP5":2025.0},"lives_by_ssp":{"SSP1":96.48216266867236,"SSP2":107.49851267945543,"SSP3":97.01460336818577,"SSP4":104.9391393758024,"SSP5":129.6756906546438},"dalys_by_ssp":{"SSP1":4620.820216690725,"SSP2":5148.426267757159,"SSP3":4646.320399112521,"SSP4":5025.850202125303,"SSP5":6210.557852522855},"daly_factor":47.892999999999994,"daly_note":"DALYs = deaths x (YLL 45 = life expectancy 75 - age 30) + 3 injuries/death x 0.8 YLD each","job_years_by_ssp":{"SSP1":19268.048737427325,"SSP2":21373.066953732454,"SSP3":19432.48902905053,"SSP4":20855.608042624368,"SSP5":26566.40097629992},"discount_rate":0.05,"intervention":{"kind":"code_upgrade","in_force":"CDL","target":"CDM","premium_mode":"pct_of_ucc","premium_usd_m2":10.0,"premium_pct":0.015000000000000001,"checklist":null,"note":"Raise new construction from CDL (in force) to CDM - premium 1.5% of construction cost (UCC). Assumption: leapfrogging two code levels at once is unlikely; override with configure(target_level=...)."},"practice_p_national":0.6764308323145505,"comprehensiveness":1.0},"ssp_table":[{"ssp":"SSP1","bcr":3.346,"npv_benefits_usd":5046000000.0,"npv_costs_usd":1508000000.0,"break_even_year":2025.1,"lives_saved":96,"dalys_averted":4621,"job_years":19268},{"ssp":"SSP2","bcr":3.341,"npv_benefits_usd":5497000000.0,"npv_costs_usd":1645000000.0,"break_even_year":2025.0,"lives_saved":107,"dalys_averted":5148,"job_years":21373},{"ssp":"SSP3","bcr":3.346,"npv_benefits_usd":5048000000.0,"npv_costs_usd":1509000000.0,"break_even_year":2025.1,"lives_saved":97,"dalys_averted":4646,"job_years":19432},{"ssp":"SSP4","bcr":3.353,"npv_benefits_usd":5362000000.0,"npv_costs_usd":1599000000.0,"break_even_year":2025.1,"lives_saved":105,"dalys_averted":5026,"job_years":20856},{"ssp":"SSP5","bcr":3.329,"npv_benefits_usd":6920000000.0,"npv_costs_usd":2079000000.0,"break_even_year":2025.0,"lives_saved":130,"dalys_averted":6211,"job_years":26566}],"dividends":{"d1_npv":143400000.0,"d2_npv":1806000000.0,"d3_npv":3547000000.0,"total_npv":5497000000.0,"npv_costs":1645000000.0,"bcr_headline":3.341,"investment":{"public_premium":1614000000.0,"gov_upfront":1818000.0,"gov_ongoing":29350000.0},"counts":{"lives_saved":107,"dalys_averted":5148,"job_years_preserved":21373,"job_years_created":199957},"components":[{"dividend":"D1","name":"avoided_direct_losses","kind":"economic","npv_usd":130900000.0,"placeholder":false},{"dividend":"D1","name":"avoided_reconstruction_carbon","kind":"environmental","npv_usd":12470000.0,"placeholder":false},{"dividend":"D2","name":"investment_stimulus_gdp","kind":"economic","npv_usd":1806000000.0,"placeholder":false},{"dividend":"D3","name":"durability_service_life","kind":"economic","npv_usd":3547000000.0,"placeholder":false}],"url":"https://documents.worldbank.org/en/publication/documents-reports/documentdetail/993161515193991394","note":"The headline BCR counts ALL THREE dividends: D1 avoided direct losses + avoided-reconstruction carbon (GEM carbon accounting), D2 investment-stimulus GDP (multiplier on the program's own spending), D3 durability of compliant construction. Identical on the chart, the tiles, and every hex cell. Lives and DALYs stay counts."},"horizons":{"25":{"ssp_table":[{"ssp":"SSP1","bcr":2.636,"npv_benefits_usd":3035000000.0,"npv_costs_usd":1152000000.0,"break_even_year":2025.1,"lives_saved":26,"dalys_averted":1237,"job_years":5147},{"ssp":"SSP2","bcr":2.65,"npv_benefits_usd":3264000000.0,"npv_costs_usd":1232000000.0,"break_even_year":2025.0,"lives_saved":28,"dalys_averted":1336,"job_years":5538},{"ssp":"SSP3","bcr":2.628,"npv_benefits_usd":2993000000.0,"npv_costs_usd":1139000000.0,"break_even_year":2025.1,"lives_saved":25,"dalys_averted":1202,"job_years":5009},{"ssp":"SSP4","bcr":2.642,"npv_benefits_usd":3188000000.0,"npv_costs_usd":1207000000.0,"break_even_year":2025.1,"lives_saved":27,"dalys_averted":1311,"job_years":5428},{"ssp":"SSP5","bcr":2.612,"npv_benefits_usd":3968000000.0,"npv_costs_usd":1519000000.0,"break_even_year":2025.0,"lives_saved":32,"dalys_averted":1541,"job_years":6523}],"bins":{"npv_benefits":[373.3,5901.0,33250.0,131200.0,511200.0],"npv_costs":[131.4,1879.0,10470.0,40590.0,157600.0],"bcr":[1.0,2.84,3.43,3.7],"fa_growth":[222.8,3583.0,22030.0,103300.0,522400.0],"lives":[2.746e-08,1.622e-06,3.688e-05,0.0005164,0.007659]},"dividends":{"d1_npv":74020000.0,"d2_npv":1351000000.0,"d3_npv":1839000000.0,"total_npv":3264000000.0,"npv_costs":1232000000.0,"bcr_headline":2.65,"investment":{"public_premium":1206000000.0,"gov_upfront":1818000.0,"gov_ongoing":24210000.0},"counts":{"lives_saved":28,"dalys_averted":1336,"job_years_preserved":5538,"job_years_created":93515},"components":[{"dividend":"D1","name":"avoided_direct_losses","kind":"economic","npv_usd":67580000.0,"placeholder":false},{"dividend":"D1","name":"avoided_reconstruction_carbon","kind":"environmental","npv_usd":6438000.0,"placeholder":false},{"dividend":"D2","name":"investment_stimulus_gdp","kind":"economic","npv_usd":1351000000.0,"placeholder":false},{"dividend":"D3","name":"durability_service_life","kind":"economic","npv_usd":1839000000.0,"placeholder":false}],"url":"https://documents.worldbank.org/en/publication/documents-reports/documentdetail/993161515193991394","note":"The headline BCR counts ALL THREE dividends: D1 avoided direct losses + avoided-reconstruction carbon (GEM carbon accounting), D2 investment-stimulus GDP (multiplier on the program's own spending), D3 durability of compliant construction. Identical on the chart, the tiles, and every hex cell. Lives and DALYs stay counts."}},"50":{"ssp_table":[{"ssp":"SSP1","bcr":3.346,"npv_benefits_usd":5046000000.0,"npv_costs_usd":1508000000.0,"break_even_year":2025.1,"lives_saved":96,"dalys_averted":4621,"job_years":19268},{"ssp":"SSP2","bcr":3.341,"npv_benefits_usd":5497000000.0,"npv_costs_usd":1645000000.0,"break_even_year":2025.0,"lives_saved":107,"dalys_averted":5148,"job_years":21373},{"ssp":"SSP3","bcr":3.346,"npv_benefits_usd":5048000000.0,"npv_costs_usd":1509000000.0,"break_even_year":2025.1,"lives_saved":97,"dalys_averted":4646,"job_years":19432},{"ssp":"SSP4","bcr":3.353,"npv_benefits_usd":5362000000.0,"npv_costs_usd":1599000000.0,"break_even_year":2025.1,"lives_saved":105,"dalys_averted":5026,"job_years":20856},{"ssp":"SSP5","bcr":3.329,"npv_benefits_usd":6920000000.0,"npv_costs_usd":2079000000.0,"break_even_year":2025.0,"lives_saved":130,"dalys_averted":6211,"job_years":26566}],"bins":{"npv_benefits":[373.3,5901.0,33250.0,131200.0,511200.0],"npv_costs":[131.4,1879.0,10470.0,40590.0,157600.0],"bcr":[1.0,2.84,3.43,3.7],"fa_growth":[222.8,3583.0,22030.0,103300.0,522400.0],"lives":[2.746e-08,1.622e-06,3.688e-05,0.0005164,0.007659]},"dividends":{"d1_npv":143400000.0,"d2_npv":1806000000.0,"d3_npv":3547000000.0,"total_npv":5497000000.0,"npv_costs":1645000000.0,"bcr_headline":3.341,"investment":{"public_premium":1614000000.0,"gov_upfront":1818000.0,"gov_ongoing":29350000.0},"counts":{"lives_saved":107,"dalys_averted":5148,"job_years_preserved":21373,"job_years_created":199957},"components":[{"dividend":"D1","name":"avoided_direct_losses","kind":"economic","npv_usd":130900000.0,