{"years":[2025,2030,2035,2040,2045,2050,2055,2060,2065,2070,2075,2080,2085,2090,2095,2100],"epoch_step":5,"t0":2025,"m_ref":1.1,"ramp":[0.625,1.0,1.0,1.0,1.0,1.0,1.0,1.0,1.0,1.0,1.0,1.0,1.0,1.0,1.0,1.0],"default_discount":0.05,"discount_rates":[0.03,0.05,0.07,0.1],"default_premium_pct":0.019999999999999997,"premium_pcts":[0.01,0.03,0.05,0.08,0.12],"bfp":{"p_national":0.676,"k_min":0.5,"k_max":1.21},"horizons":[25,50,75],"default_horizon":50,"ssp":{"SSP1":{"d1_direct":[0.0615941,2125910.0,3950890.0,6058310.0,9118510.0,10855200.0,12874000.0,15276700.0,17286100.0,20675800.0,21983400.0,23497500.0,24776600.0,26106700.0,27259500.0,28288400.0],"d1_carbon":[0.00586729,202509.0,376351.0,577098.0,868605.0,1034030.0,1226350.0,1455220.0,1646630.0,1969520.0,2094080.0,2238310.0,2360150.0,2486850.0,2596670.0,2694680.0],"d3_durability":[1.48295,42827700.0,80035600.0,121881000.0,180713000.0,217376000.0,258540000.0,306039000.0,347737000.0,418084000.0,444612000.0,476682000.0,504036000.0,533001000.0,557708000.0,579820000.0],"gov_upfront":[400000.0,0.0,0.0,0.0,0.0,0.0,0.0,0.0,0.0,0.0,0.0,0.0,0.0,0.0,0.0,0.0],"gov_ongoing":[1500000.0,1500000.0,1500000.0,1500000.0,1500000.0,1500000.0,1500000.0,1500000.0,1500000.0,1500000.0,1500000.0,1500000.0,1500000.0,1500000.0,1500000.0,1500000.0],"premium_base":[171.645,4711050000.0,4092870000.0,4603020000.0,6471540000.0,4032870000.0,4528040000.0,5224890000.0,4586730000.0,7738260000.0,2918070000.0,3527670000.0,3008920000.0,3186170000.0,2717770000.0,2432290000.0]},"SSP2":{"d1_direct":[0.0615941,2538390.0,4542320.0,6641880.0,9127540.0,11696800.0,14559000.0,17107300.0,19499300.0,22472100.0,25152600.0,27714800.0,29479900.0,31616200.0,33069700.0,34582700.0],"d1_carbon":[0.00586729,241801.0,432689.0,632688.0,869465.0,1114200.0,1386850.0,1629590.0,1857450.0,2140630.0,2395970.0,2640030.0,2808180.0,3011680.0,3150130.0,3294260.0],"d3_durability":[1.48295,50058300.0,90843800.0,132801000.0,181027000.0,230788000.0,287061000.0,337124000.0,383551000.0,441503000.0,494558000.0,545048000.0,579953000.0,622636000.0,652056000.0,682718000.0],"gov_upfront":[400000.0,0.0,0.0,0.0,0.0,0.0,0.0,0.0,0.0,0.0,0.0,0.0,0.0,0.0,0.0,0.0],"gov_ongoing":[1500000.0,1500000.0,1500000.0,1500000.0,1500000.0,1500000.0,1500000.0,1500000.0,1500000.0,1500000.0,1500000.0,1500000.0,1500000.0,1500000.0,1500000.0,1500000.0],"premium_base":[171.645,5506410000.0,4486410000.0,4615310000.0,5304830000.0,5473770000.0,6190010000.0,5506870000.0,5107010000.0,6374670000.0,5836140000.0,5553890000.0,3839530000.0,4695080000.0,3236210000.0,3372870000.0]},"SSP3":{"d1_direct":[0.0615941,1938280.0,4180600.0,6010660.0,8353060.0,10769100.0,13086300.0,16412500.0,18053500.0,20186600.0,22240200.0,24391400.0,26198600.0,28017600.0,29430300.0,30882600.0],"d1_carbon":[0.00586729,184635.0,398233.0,572559.0,795690.0,1025830.0,1246570.0,1563410.0,1719730.0,1922930.0,2118540.0,2323460.0,2495610.0,2668880.0,2803460.0,2941790.0],"d3_durability":[1.48295,39863700.0,84692900.0,122001000.0,168887000.0,215984000.0,261985000.0,325624000.0,359715000.0,403810000.0,444900000.0,487671000.0,523679000.0,559862000.0,588306000.0,617331000.0],"gov_upfront":[400000.0,0.0,0.0,0.0,0.0,0.0,0.0,0.0,0.0,0.0,0.0,0.0,0.0,0.0,0.0,0.0],"gov_ongoing":[1500000.0,1500000.0,1500000.0,1500000.0,1500000.0,1500000.0,1500000.0,1500000.0,1500000.0,1500000.0,1500000.0,1500000.0,1500000.0,1500000.0,1500000.0,1500000.0],"premium_base":[171.645,4385010000.0,4931210000.0,4103940000.0,5157390000.0,5180640000.0,5060170000.0,7000240000.0,3750050000.0,4850500000.0,4519860000.0,4704830000.0,3960820000.0,3980180000.0,3128870000.0,3192730000.0]},"SSP4":{"d1_direct":[0.0615941,2114300.0,4517650.0,6535340.0,9180750.0,11515600.0,14219600.0,16955900.0,19479200.0,21800500.0,23790200.0,26441000.0,28086300.0,30136100.0,31357800.0,32762000.0],"d1_carbon":[0.00586729,201403.0,430340.0,622539.0,874533.0,1096940.0,1354520.0,1615180.0,1855530.0,2076660.0,2266190.0,2518700.0,2675420.0,2870680.0,2987060.0,3120820.0],"d3_durability":[1.48295,43041500.0,90476300.0,130697000.0,181787000.0,227305000.0,280251000.0,334162000.0,384155000.0,430683000.0,469920000.0,523682000.0,556450000.0,597939000.0,623506000.0,652625000.0],"gov_upfront":[400000.0,0.0,0.0,0.0,0.0,0.0,0.0,0.0,0.0,0.0,0.0,0.0,0.0,0.0,0.0,0.0],"gov_ongoing":[1500000.0,1500000.0,1500000.0,1500000.0,1500000.0,1500000.0,1500000.0,1500000.0,1500000.0,1500000.0,1500000.0,1500000.0,1500000.0,1500000.0,1500000.0,1500000.0],"premium_base":[171.645,4734560000.0,5217840000.0,4424250000.0,5619980000.0,5006970000.0,5824060000.0,5930220000.0,5499210000.0,5118120000.0,4315970000.0,5913890000.0,3604410000.0,4563860000.0,2812320000.0,3203130000.0]},"SSP5":{"d1_direct":[0.0615941,2415650.0,4830090.0,7750760.0,11306200.0,14393100.0,18238200.0,21712900.0,24912600.0,28690700.0,31486000.0,34753600.0,38004700.0,41250300.0,43911500.0,45505700.0],"d1_carbon":[0.00586729,230108.0,460102.0,738316.0,1076990.0,1371050.0,1737320.0,2068320.0,2373110.0,2733000.0,2999280.0,3310530.0,3620220.0,3929390.0,4182890.0,4334750.0],"d3_durability":[1.48295,50941300.0,102363000.0,162182000.0,233172000.0,295603000.0,373535000.0,446542000.0,510356000.0,587253000.0,645930000.0,712659000.0,767125000.0,831287000.0,881769000.0,915720000.0],"gov_upfront":[400000.0,0.0,0.0,0.0,0.0,0.0,0.0,0.0,0.0,0.0,0.0,0.0,0.0,0.0,0.0,0.0],"gov_ongoing":[1500000.0,1500000.0,1500000.0,1500000.0,1500000.0,1500000.0,1500000.0,1500000.0,1500000.0,1500000.0,1500000.0,1500000.0,1500000.0,1500000.0,1500000.0,1500000.0],"premium_base":[171.645,5603540000.0,5656420000.0,6580020000.0,7809000000.0,6867340000.0,8572540000.0,8030800000.0,7019450000.0,8458680000.0,6454500000.0,7340250000.0,5991200000.0,7057790000.0,5553090000.0,3734530000.0]}}}