{"years":[2025,2030,2035,2040,2045,2050,2055,2060,2065,2070,2075,2080,2085,2090,2095,2100],"epoch_step":5,"t0":2025,"m_ref":1.1,"ramp":[0.625,1.0,1.0,1.0,1.0,1.0,1.0,1.0,1.0,1.0,1.0,1.0,1.0,1.0,1.0,1.0],"default_discount":0.05,"discount_rates":[0.03,0.05,0.07,0.1],"default_premium_pct":0.015000000000000001,"premium_pcts":[0.01,0.03,0.05,0.08,0.12],"horizons":[25,50,75],"default_horizon":50,"ssp":{"SSP1":{"d1_direct":[0.0615954,2125960.0,3950980.0,6058440.0,9118710.0,10855400.0,12874300.0,15277100.0,17286500.0,20676300.0,21983900.0,23498000.0,24777200.0,26107200.0,27260100.0,28289100.0],"d1_carbon":[0.00586742,202513.0,376360.0,577111.0,868624.0,1034060.0,1226370.0,1455250.0,1646670.0,1969570.0,2094130.0,2238360.0,2360210.0,2486910.0,2596730.0,2694740.0],"d3_durability":[2.03132,58697000.0,109642000.0,166977000.0,247649000.0,297820000.0,354172000.0,419237000.0,476327000.0,572793000.0,609075000.0,652947000.0,690383000.0,730026000.0,763846000.0,794105000.0],"gov_upfront":[400000.0,0.0,0.0,0.0,0.0,0.0,0.0,0.0,0.0,0.0,0.0,0.0,0.0,0.0,0.0,0.0],"gov_ongoing":[1500000.0,1500000.0,1500000.0,1500000.0,1500000.0,1500000.0,1500000.0,1500000.0,1500000.0,1500000.0,1500000.0,1500000.0,1500000.0,1500000.0,1500000.0,1500000.0],"premium_base":[235.142,6456670000.0,5604000000.0,6306780000.0,8873920000.0,5518880000.0,6198650000.0,7157200000.0,6279910000.0,10611200000.0,3991030000.0,4825890000.0,4118030000.0,4360680000.0,3720210000.0,3328510000.0]},"SSP2":{"d1_direct":[0.0615954,2538450.0,4542420.0,6642030.0,9127740.0,11697100.0,14559300.0,17107700.0,19499800.0,22472600.0,25153100.0,27715400.0,29480600.0,31616900.0,33070400.0,34583500.0],"d1_carbon":[0.00586742,241806.0,432699.0,632702.0,869484.0,1114230.0,1386880.0,1629630.0,1857490.0,2140680.0,2396020.0,2640090.0,2808240.0,3011740.0,3150200.0,3294330.0],"d3_durability":[2.03132,68620400.0,124474000.0,181942000.0,248009000.0,316175000.0,393277000.0,461839000.0,525399000.0,604801000.0,677503000.0,746656000.0,794430000.0,852886000.0,893174000.0,935160000.0],"gov_upfront":[400000.0,0.0,0.0,0.0,0.0,0.0,0.0,0.0,0.0,0.0,0.0,0.0,0.0,0.0,0.0,0.0],"gov_ongoing":[1500000.0,1500000.0,1500000.0,1500000.0,1500000.0,1500000.0,1500000.0,1500000.0,1500000.0,1500000.0,1500000.0,1500000.0,1500000.0,1500000.0,1500000.0,1500000.0],"premium_base":[235.142,7548240000.0,6143940000.0,6321490000.0,7267290000.0,7498260000.0,8481250000.0,7541810000.0,6991590000.0,8734270000.0,7997190000.0,7606830000.0,5255100000.0,6430140000.0,4431700000.0,4618480000.0]},"SSP3":{"d1_direct":[0.0615954,1938320.0,4180700.0,6010790.0,8353250.0,10769300.0,13086600.0,16412900.0,18053900.0,20187100.0,22240600.0,24392000.0,26199200.0,28018200.0,29431000.0,30883300.0],"d1_carbon":[0.00586742,184639.0,398242.0,572572.0,795708.0,1025850.0,1246590.0,1563450.0,1719770.0,1922970.0,2118580.0,2323510.0,2495660.0,2668940.0,2803520.0,2941860.0],"d3_durability":[2.03132,54611200.0,116045000.0,167129000.0,231369000.0,295894000.0,358894000.0,446145000.0,492782000.0,553156000.0,609426000.0,668003000.0,717303000.0,766841000.0,805769000.0,845491000.0],"gov_upfront":[400000.0,0.0,0.0,0.0,0.0,0.0,0.0,0.0,0.0,0.0,0.0,0.0,0.0,0.0,0.0,0.0],"gov_ongoing":[1500000.0,1500000.0,1500000.0,1500000.0,1500000.0,1500000.0,1500000.0,1500000.0,1500000.0,1500000.0,1500000.0,1500000.0,1500000.0,1500000.0,1500000.0,1500000.0],"premium_base":[235.142,6007230000.0,6757690000.0,5619290000.0,7066340000.0,7097760000.0,6930050000.0,9597590000.0,5130070000.0,6641140000.0,6189670000.0,6443520000.0,5422920000.0,5449220000.0,4282090000.0,4369460000.0]},"SSP4":{"d1_direct":[0.0615954,2114350.0,4517750.0,6535480.0,9180950.0,11515800.0,14220000.0,16956300.0,19479600.0,21801000.0,23790700.0,26441600.0,28086900.0,30136800.0,31358500.0,32762700.0],"d1_carbon":[0.00586742,201407.0,430349.0,622553.0,874553.0,1096970.0,1354550.0,1615210.0,1855570.0,2076700.0,2266240.0,2518750.0,2675480.0,2870750.0,2987130.0,3120890.0],"d3_durability":[2.03132,58963700.0,123969000.0,179044000.0,249058000.0,311391000.0,383921000.0,457778000.0,526266000.0,589983000.0,643707000.0,717387000.0,762247000.0,819089000.0,854087000.0,893959000.0],"gov_upfront":[400000.0,0.0,0.0,0.0,0.0,0.0,0.0,0.0,0.0,0.0,0.0,0.0,0.0,0.0,0.0,0.0],"gov_ongoing":[1500000.0,1500000.0,1500000.0,1500000.0,1500000.0,1500000.0,1500000.0,1500000.0,1500000.0,1500000.0,1500000.0,1500000.0,1500000.0,1500000.0,1500000.0,1500000.0],"premium_base":[235.142,6486010000.0,7150630000.0,6058180000.0,7701530000.0,6856620000.0,7978350000.0,8124290000.0,7533620000.0,7008890000.0,5909620000.0,8104790000.0,4934630000.0,6252580000.0,3849830000.0,4385960000.0]},"SSP5":{"d1_direct":[0.0615954,2415700.0,4830200.0,7750920.0,11306400.0,14393400.0,18238600.0,21713400.0,24913200.0,28691300.0,31486700.0,34754300.0,38005500.0,41251100.0,43912400.0,45506600.0],"d1_carbon":[0.00586742,230113.0,460112.0,738332.0,1077020.0,1371080.0,1737360.0,2068360.0,2373160.0,2733060.0,2999340.0,3310600.0,3620300.0,3929470.0,4182970.0,4334840.0],"d3_durability":[2.03132,69770400.0,140104000.0,221965000.0,319162000.0,404566000.0,511236000.0,611137000.0,698436000.0,803710000.0,884033000.0,975402000.0,1049940000.0,1137790000.0,1206910000.0,1253390000.0],"gov_upfront":[400000.0,0.0,0.0,0.0,0.0,0.0,0.0,0.0,0.0,0.0,0.0,0.0,0.0,0.0,0.0,0.0],"gov_ongoing":[1500000.0,1500000.0,1500000.0,1500000.0,1500000.0,1500000.0,1500000.0,1500000.0,1500000.0,1500000.0,1500000.0,1500000.0,1500000.0,1500000.0,1500000.0,1500000.0],"premium_base":[235.142,7674740000.0,7736650000.0,9004810000.0,10691600000.0,9394460000.0,11733700000.0,10989100000.0,9602850000.0,11580200000.0,8835480000.0,10050600000.0,8198810000.0,9663560000.0,7604030000.0,5112630000.0]}}}