{"iso3":"NPL","name":"Nepal","generated":"2026-07-09","metrics":{"baseline_aal_2025_usd":729952740.5082281,"baseline_aal_2025_structural_usd":676995265.3045461,"baseline_aal_2025_contents_usd":52957475.20368189,"baseline_fatalities_2025_per_yr":1315.566147408625,"aal_ratio_2025":0.002581294377360848,"aal_pct_gdp_2025":0.016858454678190794,"bcr_by_ssp":{"SSP1":0.08229329413859315,"SSP2":0.07633252625562018,"SSP3":0.07723174265206051,"SSP4":0.07527106305491599,"SSP5":0.08594772745719506},"bcr_with_lives_by_ssp":{"SSP1":0.0856858770714413,"SSP2":0.07939330534175935,"SSP3":0.08038076889733475,"SSP4":0.07828369225686593,"SSP5":0.08952873217718274},"vsl_usd":233645.1807746384,"vsl_note":"VSL = 160 x GDP pc ($1,460) = $0.23M (Robinson et al. 2019 WB reference case) - side metric only","npv_benefits_by_ssp":{"SSP1":240380479.3773194,"SSP2":243304112.00117844,"SSP3":232973255.95232934,"SSP4":259260513.20702174,"SSP5":419949041.11215585},"npv_costs_by_ssp":{"SSP1":2921021474.3923826,"SSP2":3187423814.409189,"SSP3":3016547962.6933384,"SSP4":3444358332.2035904,"SSP5":4886098254.561821},"break_even_by_ssp":{"SSP1":null,"SSP2":null,"SSP3":null,"SSP4":null,"SSP5":null},"lives_by_ssp":{"SSP1":162.5571850231075,"SSP2":163.12586574731822,"SSP3":158.4325503622492,"SSP4":170.1721139877996,"SSP5":288.14462925108666},"dalys_by_ssp":{"SSP1":6995.811014654454,"SSP2":7020.284758301586,"SSP3":6818.303237389756,"SSP4":7323.527097578943,"SSP5":12400.592264449764},"daly_factor":43.035999999999994,"daly_note":"DALYs = deaths x (YLL 41 = life expectancy 71 - age 30) + 3 injuries/death x 0.8 YLD each","job_years_by_ssp":{"SSP1":165444.3056345584,"SSP2":169887.10879948697,"SSP3":161694.40778671252,"SSP4":177551.78815978343,"SSP5":289817.8211194044},"discount_rate":0.05,"intervention":{"kind":"code_upgrade","in_force":"CDM","target":"CDH","premium_mode":"pct_of_ucc","premium_usd_m2":20.0,"premium_pct":0.03,"checklist":["B1","B2","B3","B4","B5","B6","B7"],"note":"Raise new construction from CDM (in force) to CDH - premium 3.0% of construction cost (UCC). Assumption: leapfrogging two code levels at once is unlikely; override with configure(target_level=...)."},"practice_p_national":0.6226042986666668,"comprehensiveness":1.0},"ssp_table":[{"ssp":"SSP1","bcr":0.082,"bcr_with_lives":0.086,"npv_benefits_usd":240400000.0,"npv_costs_usd":2921000000.0,"break_even_year":null,"lives_saved":163,"dalys_averted":6996,"job_years":165444},{"ssp":"SSP2","bcr":0.076,"bcr_with_lives":0.079,"npv_benefits_usd":243300000.0,"npv_costs_usd":3187000000.0,"break_even_year":null,"lives_saved":163,"dalys_averted":7020,"job_years":169887},{"ssp":"SSP3","bcr":0.077,"bcr_with_lives":0.08,"npv_benefits_usd":233000000.0,"npv_costs_usd":3017000000.0,"break_even_year":null,"lives_saved":158,"dalys_averted":6818,"job_years":161694},{"ssp":"SSP4","bcr":0.075,"bcr_with_lives":0.078,"npv_benefits_usd":259300000.0,"npv_costs_usd":3444000000.0,"break_even_year":null,"lives_saved":170,"dalys_averted":7324,"job_years":177552},{"ssp":"SSP5","bcr":0.086,"bcr_with_lives":0.09,"npv_benefits_usd":419900000.0,"npv_costs_usd":4886000000.0,"break_even_year":null,"lives_saved":288,"dalys_averted":12401,"job_years":289818}],"dividends":{"d1_npv":274300000.0,"d2_npv":3503000000.0,"d3_npv":6500000000.0,"total_npv":10280000000.0,"npv_costs":3187000000.0,"bcr_headline":0.076,"counts":{"lives_saved":163,"dalys_averted":7020,"job_years_preserved":169887,"job_years_created":1589774},"components":[{"dividend":"D1","name":"avoided_direct_losses","kind":"economic","npv_usd":243300000.0,"placeholder":false},{"dividend":"D1","name":"avoided_reconstruction_carbon","kind":"environmental","npv_usd":30960000.0,"placeholder":false},{"dividend":"D2","name":"investment_stimulus_gdp","kind":"economic","npv_usd":3503000000.0,"placeholder":false},{"dividend":"D3","name":"durability_service_life","kind":"economic","npv_usd":6500000000.0,"placeholder":false}],"url":"https://documents.worldbank.org/en/publication/documents-reports/documentdetail/993161515193991394","note":"Each dollar counted once: D1 hazard-contingent (direct damage + GEM-carbon of avoided rebuild), D2 stimulus channel only, D3 durability on the premium-bearing new stock. The only benefit-cost ratio is the headline BCR (identical to the cumulative chart and the hex map)."},"hex":{"res":6,"n":3806,"cost_allocation":"new_value","bins":{"npv_benefits":[5.604,1024.0,6765.0,25630.0,76660.0],"npv_costs":[106.3,13970.0,78330.0,314900.0,1587000.0],"bcr":[0.05,0.1,0.25,0.5,1.0,2.0],"aal_2025":[123.6,11750.0,61820.0,143300.0,293500.0],"repl_value":[52030.0,4088000.0,21650000.0,53570000.0,136500000.0],"aal_ratio":[0.001189,0.002088,0.003124,0.004024,0.004686]}}}