{"iso3":"NPL","name":"Nepal","generated":"2026-07-09","metrics":{"baseline_aal_2025_usd":593304778.7116121,"baseline_aal_2025_structural_usd":548810672.7336557,"baseline_aal_2025_contents_usd":44494105.97795647,"baseline_fatalities_2025_per_yr":1110.3070208416484,"aal_ratio_2025":0.002098073209894803,"aal_pct_gdp_2025":0.013702533283592742,"bcr_by_ssp":{"SSP1":0.06722992369102945,"SSP2":0.06250433623869589,"SSP3":0.06318684699249426,"SSP4":0.06165946200413406,"SSP5":0.07014704981090804},"bcr_with_lives_by_ssp":{"SSP1":0.07033837687963486,"SSP2":0.06531453639731796,"SSP3":0.06607431380628322,"SSP4":0.06442661592053976,"SSP5":0.0734248051405286},"vsl_usd":233645.1807746384,"vsl_note":"VSL = 160 x GDP pc ($1,460) = $0.23M (Robinson et al. 2019 WB reference case) - side metric only","npv_benefits_by_ssp":{"SSP1":196380050.82325822,"SSP2":199227809.83105856,"SSP3":190606154.56422424,"SSP4":212377281.71312985,"SSP5":342745377.64373887},"npv_costs_by_ssp":{"SSP1":2921021474.3923826,"SSP2":3187423814.409189,"SSP3":3016547962.6933384,"SSP4":3444358332.2035904,"SSP5":4886098254.561821},"break_even_by_ssp":{"SSP1":null,"SSP2":null,"SSP3":null,"SSP4":null,"SSP5":null},"lives_by_ssp":{"SSP1":148.9882025626953,"SSP2":149.75155788240795,"SSP3":145.20779357507178,"SSP4":156.28546420704987,"SSP5":263.8390534010436},"dalys_by_ssp":{"SSP1":6411.856285488155,"SSP2":6444.708045027308,"SSP3":6249.162604296788,"SSP4":6725.901237614598,"SSP5":11354.57750216731},"daly_factor":43.035999999999994,"daly_note":"DALYs = deaths x (YLL 41 = life expectancy 71 - age 30) + 3 injuries/death x 0.8 YLD each","job_years_by_ssp":{"SSP1":135221.4158923586,"SSP2":139102.04848207725,"SSP3":132244.59484017274,"SSP4":145440.5666752474,"SSP5":236633.66699402768},"discount_rate":0.05,"intervention":{"kind":"code_upgrade","in_force":"CDM","target":"CDH","premium_mode":"pct_of_ucc","premium_usd_m2":20.0,"premium_pct":0.03,"checklist":null,"note":"Raise new construction from CDM (in force) to CDH - premium 3.0% of construction cost (UCC). Assumption: leapfrogging two code levels at once is unlikely; override with configure(target_level=...)."},"practice_p_national":0.6226042986666668,"comprehensiveness":1.0},"ssp_table":[{"ssp":"SSP1","bcr":0.067,"bcr_with_lives":0.07,"npv_benefits_usd":196400000.0,"npv_costs_usd":2921000000.0,"break_even_year":null,"lives_saved":149,"dalys_averted":6412,"job_years":135221},{"ssp":"SSP2","bcr":0.063,"bcr_with_lives":0.065,"npv_benefits_usd":199200000.0,"npv_costs_usd":3187000000.0,"break_even_year":null,"lives_saved":150,"dalys_averted":6445,"job_years":139102},{"ssp":"SSP3","bcr":0.063,"bcr_with_lives":0.066,"npv_benefits_usd":190600000.0,"npv_costs_usd":3017000000.0,"break_even_year":null,"lives_saved":145,"dalys_averted":6249,"job_years":132245},{"ssp":"SSP4","bcr":0.062,"bcr_with_lives":0.064,"npv_benefits_usd":212400000.0,"npv_costs_usd":3444000000.0,"break_even_year":null,"lives_saved":156,"dalys_averted":6726,"job_years":145441},{"ssp":"SSP5","bcr":0.07,"bcr_with_lives":0.073,"npv_benefits_usd":342700000.0,"npv_costs_usd":4886000000.0,"break_even_year":null,"lives_saved":264,"dalys_averted":11355,"job_years":236634}],"dividends":{"d1_npv":224600000.0,"d2_npv":3503000000.0,"d3_npv":6500000000.0,"total_npv":10230000000.0,"npv_costs":3187000000.0,"bcr_headline":0.063,"counts":{"lives_saved":150,"dalys_averted":6445,"job_years_preserved":139102,"job_years_created":1589774},"components":[{"dividend":"D1","name":"avoided_direct_losses","kind":"economic","npv_usd":199200000.0,"placeholder":false},{"dividend":"D1","name":"avoided_reconstruction_carbon","kind":"environmental","npv_usd":25350000.0,"placeholder":false},{"dividend":"D2","name":"investment_stimulus_gdp","kind":"economic","npv_usd":3503000000.0,"placeholder":false},{"dividend":"D3","name":"durability_service_life","kind":"economic","npv_usd":6500000000.0,"placeholder":false}],"url":"https://documents.worldbank.org/en/publication/documents-reports/documentdetail/993161515193991394","note":"Each dollar counted once: D1 hazard-contingent (direct damage + GEM-carbon of avoided rebuild), D2 stimulus channel only, D3 durability on the premium-bearing new stock. The only benefit-cost ratio is the headline BCR (identical to the cumulative chart and the hex map)."},"hex":{"res":6,"n":3806,"cost_allocation":"new_value","bins":{"npv_benefits":[4.578,841.7,5537.0,21210.0,63850.0],"npv_costs":[106.3,13970.0,78330.0,314900.0,1587000.0],"bcr":[0.05,0.1,0.25,0.5,1.0,2.0],"aal_2025":[103.7,9377.0,51120.0,119000.0,243100.0],"repl_value":[52030.0,4088000.0,21650000.0,53570000.0,136500000.0],"aal_ratio":[0.001028,0.001748,0.002529,0.003194,0.003703]}}}