{"iso3":"NPL","name":"Nepal","generated":"2026-07-10","metrics":{"baseline_aal_2025_usd":593304780.9837528,"baseline_aal_2025_structural_usd":548810674.826346,"baseline_aal_2025_contents_usd":44494106.157406844,"baseline_fatalities_2025_per_yr":1110.3070260324087,"aal_ratio_2025":0.0020980732179296576,"aal_pct_gdp_2025":0.013702533336068443,"bcr_by_ssp":{"SSP1":3.228381841968036,"SSP2":3.2200445902714354,"SSP3":3.220910062547196,"SSP4":3.239365814513777,"SSP5":3.2283751209360574},"npv_benefits_by_ssp":{"SSP1":11563560199.33847,"SSP2":12391524878.01109,"SSP3":11844479680.850246,"SSP4":13298182601.249836,"SSP5":17907541106.1062},"npv_costs_by_ssp":{"SSP1":3581844021.365599,"SSP2":3848246361.3854923,"SSP3":3677370510.458545,"SSP4":4105180878.821452,"SSP5":5546920799.2514715},"break_even_by_ssp":{"SSP1":2025.0,"SSP2":2025.0,"SSP3":2025.0,"SSP4":2025.0,"SSP5":2025.0},"lives_by_ssp":{"SSP1":189.17723431625672,"SSP2":189.94058958186832,"SSP3":185.3968252858188,"SSP4":196.47449594605646,"SSP5":304.028085177857},"dalys_by_ssp":{"SSP1":8141.431456034423,"SSP2":8174.283213245284,"SSP3":7978.737773000497,"SSP4":8455.476407534485,"SSP5":13084.152673714252},"daly_factor":43.035999999999994,"daly_note":"DALYs = deaths x (YLL 41 = life expectancy 71 - age 30) + 3 injuries/death x 0.8 YLD each","job_years_by_ssp":{"SSP1":170107.1722458475,"SSP2":173987.8047975998,"SSP3":167130.35116882666,"SSP4":180326.32300908345,"SSP5":271519.4233408399},"discount_rate":0.05,"intervention":{"kind":"code_upgrade","in_force":"CDM","target":"CDH","premium_mode":"pct_of_ucc","premium_usd_m2":20.0,"premium_pct":0.03,"checklist":null,"note":"Raise new construction from CDM (in force) to CDH - premium 3.0% of construction cost (UCC). Assumption: leapfrogging two code levels at once is unlikely; override with configure(target_level=...)."},"practice_p_national":0.6226042986666668,"comprehensiveness":1.0},"ssp_table":[{"ssp":"SSP1","bcr":3.228,"npv_benefits_usd":11560000000.0,"npv_costs_usd":3582000000.0,"break_even_year":2025.0,"lives_saved":189,"dalys_averted":8141,"job_years":170107},{"ssp":"SSP2","bcr":3.22,"npv_benefits_usd":12390000000.0,"npv_costs_usd":3848000000.0,"break_even_year":2025.0,"lives_saved":190,"dalys_averted":8174,"job_years":173988},{"ssp":"SSP3","bcr":3.221,"npv_benefits_usd":11840000000.0,"npv_costs_usd":3677000000.0,"break_even_year":2025.0,"lives_saved":185,"dalys_averted":7979,"job_years":167130},{"ssp":"SSP4","bcr":3.239,"npv_benefits_usd":13300000000.0,"npv_costs_usd":4105000000.0,"break_even_year":2025.0,"lives_saved":196,"dalys_averted":8455,"job_years":180326},{"ssp":"SSP5","bcr":3.228,"npv_benefits_usd":17910000000.0,"npv_costs_usd":5547000000.0,"break_even_year":2025.0,"lives_saved":304,"dalys_averted":13084,"job_years":271519}],"dividends":{"d1_npv":282200000.0,"d2_npv":4230000000.0,"d3_npv":7880000000.0,"total_npv":12390000000.0,"npv_costs":3848000000.0,"bcr_headline":3.22,"counts":{"lives_saved":190,"dalys_averted":8174,"job_years_preserved":173988,"job_years_created":1901520},"components":[{"dividend":"D1","name":"avoided_direct_losses","kind":"economic","npv_usd":250300000.0,"placeholder":false},{"dividend":"D1","name":"avoided_reconstruction_carbon","kind":"environmental","npv_usd":31860000.0,"placeholder":false},{"dividend":"D2","name":"investment_stimulus_gdp","kind":"economic","npv_usd":4230000000.0,"placeholder":false},{"dividend":"D3","name":"durability_service_life","kind":"economic","npv_usd":7880000000.0,"placeholder":false}],"url":"https://documents.worldbank.org/en/publication/documents-reports/documentdetail/993161515193991394","note":"The headline BCR counts ALL THREE dividends: D1 avoided direct losses + avoided-reconstruction carbon (GEM carbon accounting), D2 investment-stimulus GDP (multiplier on the program's own spending), D3 durability of compliant construction. Identical on the chart, the tiles, and every hex cell. Lives and DALYs stay counts."},"context":{"emdat_deaths":8962.0,"emdat_note":"deaths in the 2015 Gorkha earthquake (EM-DAT, CRED / UCLouvain)","labor_force":8342811.0,"labor_force_year":2024},"hazard_image":{"bounds":[80.0585,26.3475,88.2018,30.4466],"bins":[0.01,0.02,0.03,0.05,0.08,0.13,0.2,0.35,0.55,0.9,1.5],"colors":["#ffffff","#d7e3ee","#b5caff","#8fb3ff","#7f97ff","#abcf63","#e8f59e","#fffa14","#ffd121","#ffa30a","#ff4c00"],"file":"hazard.png"},"hex":{"res":6,"n":3806,"cost_allocation":"new_value","bins":{"npv_benefits":[1042.0,90750.0,457300.0,1471000.0,6061000.0],"npv_costs":[313.7,27330.0,138600.0,444600.0,1888000.0],"bcr":[1.0,3.22,3.28,3.35],"aal_2025":[103.7,9377.0,51120.0,119000.0,243100.0],"repl_value":[52030.0,4088000.0,21650000.0,53570000.0,136500000.0],"aal_ratio":[0.001028,0.001748,0.002529,0.003194,0.003703],"pga_475":[0.05,0.1,0.2,0.35,0.55,0.9],"floor_area_m2":[240.4,18360.0,94680.0,228300.0,573400.0],"fa_growth":[69.26,8159.0,46610.0,202500.0,1181000.0]}}}