{"iso3":"NPL","name":"Nepal","generated":"2026-07-10","metrics":{"baseline_aal_2025_usd":688042893.8903452,"baseline_aal_2025_structural_usd":637430843.2631936,"baseline_aal_2025_contents_usd":50612050.627151616,"baseline_fatalities_2025_per_yr":1135.7525933528575,"aal_ratio_2025":0.0024330907397452466,"aal_pct_gdp_2025":0.015890535509498337,"bcr_by_ssp":{"SSP1":3.229768163482773,"SSP2":3.221461192933267,"SSP3":3.2223779107385377,"SSP4":3.2404235968044226,"SSP5":3.229275512257588},"npv_benefits_by_ssp":{"SSP1":11757424691.694986,"SSP2":12585389371.884169,"SSP3":12038344173.30432,"SSP4":13492047096.45897,"SSP5":18101405605.713844},"npv_costs_by_ssp":{"SSP1":3640330852.4214754,"SSP2":3906733192.84181,"SSP3":3735857340.9986067,"SSP4":4163667709.9143124,"SSP5":5605407633.075923},"break_even_by_ssp":{"SSP1":2025.0,"SSP2":2025.0,"SSP3":2025.0,"SSP4":2025.0,"SSP5":2025.0},"lives_by_ssp":{"SSP1":192.2262535724171,"SSP2":192.98960893101824,"SSP3":188.44584459689284,"SSP4":199.52351530416976,"SSP5":307.07710454007406},"dalys_by_ssp":{"SSP1":8272.649048742542,"SSP2":8305.5008099553,"SSP3":8109.955368071879,"SSP4":8586.69400463025,"SSP5":13215.370270986627},"daly_factor":43.035999999999994,"daly_note":"DALYs = deaths x (YLL 41 = life expectancy 71 - age 30) + 3 injuries/death x 0.8 YLD each","job_years_by_ssp":{"SSP1":172816.78284373446,"SSP2":176697.41546231424,"SSP3":169839.9618052254,"SSP4":183035.93369232255,"SSP5":274229.03404184023},"discount_rate":0.05,"intervention":{"kind":"code_upgrade","in_force":"CDM","target":"CDH","premium_mode":"pct_of_ucc","premium_usd_m2":20.0,"premium_pct":0.03,"checklist":null,"note":"Raise new construction from CDM (in force) to CDH - premium 3.0% of construction cost (UCC). Assumption: leapfrogging two code levels at once is unlikely; override with configure(target_level=...)."},"practice_p_national":0.6226042986666668,"comprehensiveness":1.0},"ssp_table":[{"ssp":"SSP1","bcr":3.23,"npv_benefits_usd":11760000000.0,"npv_costs_usd":3640000000.0,"break_even_year":2025.0,"lives_saved":192,"dalys_averted":8273,"job_years":172817},{"ssp":"SSP2","bcr":3.221,"npv_benefits_usd":12590000000.0,"npv_costs_usd":3907000000.0,"break_even_year":2025.0,"lives_saved":193,"dalys_averted":8306,"job_years":176697},{"ssp":"SSP3","bcr":3.222,"npv_benefits_usd":12040000000.0,"npv_costs_usd":3736000000.0,"break_even_year":2025.0,"lives_saved":188,"dalys_averted":8110,"job_years":169840},{"ssp":"SSP4","bcr":3.24,"npv_benefits_usd":13490000000.0,"npv_costs_usd":4164000000.0,"break_even_year":2025.0,"lives_saved":200,"dalys_averted":8587,"job_years":183036},{"ssp":"SSP5","bcr":3.229,"npv_benefits_usd":18100000000.0,"npv_costs_usd":5605000000.0,"break_even_year":2025.0,"lives_saved":307,"dalys_averted":13215,"job_years":274229}],"dividends":{"d1_npv":286800000.0,"d2_npv":4294000000.0,"d3_npv":8005000000.0,"total_npv":12590000000.0,"npv_costs":3907000000.0,"bcr_headline":3.221,"counts":{"lives_saved":193,"dalys_averted":8306,"job_years_preserved":176697,"job_years_created":1926358},"components":[{"dividend":"D1","name":"avoided_direct_losses","kind":"economic","npv_usd":254400000.0,"placeholder":false},{"dividend":"D1","name":"avoided_reconstruction_carbon","kind":"environmental","npv_usd":32380000.0,"placeholder":false},{"dividend":"D2","name":"investment_stimulus_gdp","kind":"economic","npv_usd":4294000000.0,"placeholder":false},{"dividend":"D3","name":"durability_service_life","kind":"economic","npv_usd":8005000000.0,"placeholder":false}],"url":"https://documents.worldbank.org/en/publication/documents-reports/documentdetail/993161515193991394","note":"The headline BCR counts ALL THREE dividends: D1 avoided direct losses + avoided-reconstruction carbon (GEM carbon accounting), D2 investment-stimulus GDP (multiplier on the program's own spending), D3 durability of compliant construction. Identical on the chart, the tiles, and every hex cell. Lives and DALYs stay counts."},"context":{"emdat_deaths":8962.0,"emdat_note":"deaths in the 2015 Gorkha earthquake (EM-DAT, CRED / UCLouvain)","labor_force":8342811.0,"labor_force_year":2024},"hazard_image":{"bounds":[80.0585,26.3475,88.2018,30.4466],"bins":[0.01,0.02,0.03,0.05,0.08,0.13,0.2,0.35,0.55,0.9,1.5],"colors":["#ffffff","#d7e3ee","#b5caff","#8fb3ff","#7f97ff","#abcf63","#e8f59e","#fffa14","#ffd121","#ffa30a","#ff4c00"],"file":"hazard.png"},"hex":{"res":6,"n":3806,"cost_allocation":"new_value","bins":{"npv_benefits":[1071.0,95520.0,481200.0,1513000.0,6176000.0],"npv_costs":[320.5,28810.0,145600.0,461200.0,1926000.0],"bcr":[1.0,3.22,3.28,3.34],"aal_2025":[111.3,10350.0,56800.0,132100.0,270100.0],"repl_value":[52030.0,4088000.0,21650000.0,53570000.0,136500000.0],"aal_ratio":[0.001103,0.001916,0.002821,0.00357,0.004152],"pga_475":[0.05,0.1,0.2,0.35,0.55,0.9],"floor_area_m2":[240.4,18360.0,94680.0,228300.0,573400.0],"fa_growth":[69.26,8159.0,46610.0,202500.0,1181000.0]}}}