{"iso3":"NPL","name":"Nepal","generated":"2026-07-10","metrics":{"baseline_aal_2025_usd":688042893.7640731,"baseline_aal_2025_structural_usd":637430843.1448497,"baseline_aal_2025_contents_usd":50612050.619223416,"baseline_fatalities_2025_per_yr":1135.752593318558,"aal_ratio_2025":0.002433090739298717,"aal_pct_gdp_2025":0.015890535506582048,"bcr_by_ssp":{"SSP1":8.071881316936633,"SSP2":8.053193730742812,"SSP3":8.050877780947552,"SSP4":8.122594567797792,"SSP5":8.114377633775378},"npv_benefits_by_ssp":{"SSP1":9539201936.438854,"SSP2":10201075782.939747,"SSP3":9759563486.729212,"SSP4":10954322293.009258,"SSP5":14672870356.823597},"npv_costs_by_ssp":{"SSP1":1181781738.5921483,"SSP2":1266711831.853425,"SSP3":1212235951.4418757,"SSP4":1348623546.5251355,"SSP5":1808255792.2555976},"break_even_by_ssp":{"SSP1":2025.0,"SSP2":2025.0,"SSP3":2025.0,"SSP4":2025.0,"SSP5":2025.0},"lives_by_ssp":{"SSP1":204.27475580156366,"SSP2":205.08594665537643,"SSP3":200.2573904671046,"SSP4":212.02931453518067,"SSP5":326.32428259693353},"dalys_by_ssp":{"SSP1":8791.168390676092,"SSP2":8826.078800260779,"SSP3":8618.277056142313,"SSP4":9124.893580336035,"SSP5":14043.691825841628},"daly_factor":43.035999999999994,"daly_note":"DALYs = deaths x (YLL 41 = life expectancy 71 - age 30) + 3 injuries/death x 0.8 YLD each","job_years_by_ssp":{"SSP1":183648.86633553205,"SSP2":187772.72972879597,"SSP3":180485.45193687992,"SSP4":194508.54221803776,"SSP5":291417.59519447136},"discount_rate":0.05,"intervention":{"kind":"code_upgrade","in_force":"CDM","target":"CDH","premium_mode":"pct_of_ucc","premium_usd_m2":20.0,"premium_pct":0.03,"checklist":null,"note":"Raise new construction from CDM (in force) to CDH - premium 3.0% of construction cost (UCC). Assumption: leapfrogging two code levels at once is unlikely; override with configure(target_level=...)."},"practice_p_national":0.6616288205758829,"comprehensiveness":1.0},"ssp_table":[{"ssp":"SSP1","bcr":8.072,"npv_benefits_usd":9539000000.0,"npv_costs_usd":1182000000.0,"break_even_year":2025.0,"lives_saved":204,"dalys_averted":8791,"job_years":183649},{"ssp":"SSP2","bcr":8.053,"npv_benefits_usd":10200000000.0,"npv_costs_usd":1267000000.0,"break_even_year":2025.0,"lives_saved":205,"dalys_averted":8826,"job_years":187773},{"ssp":"SSP3","bcr":8.051,"npv_benefits_usd":9760000000.0,"npv_costs_usd":1212000000.0,"break_even_year":2025.0,"lives_saved":200,"dalys_averted":8618,"job_years":180485},{"ssp":"SSP4","bcr":8.123,"npv_benefits_usd":10950000000.0,"npv_costs_usd":1349000000.0,"break_even_year":2025.0,"lives_saved":212,"dalys_averted":9125,"job_years":194509},{"ssp":"SSP5","bcr":8.114,"npv_benefits_usd":14670000000.0,"npv_costs_usd":1808000000.0,"break_even_year":2025.0,"lives_saved":326,"dalys_averted":14044,"job_years":291418}],"dividends":{"d1_npv":304800000.0,"d2_npv":1390000000.0,"d3_npv":8506000000.0,"total_npv":10200000000.0,"npv_costs":1267000000.0,"bcr_headline":8.053,"investment":{"public_premium":1236000000.0,"gov_upfront":1818000.0,"gov_ongoing":29350000.0},"counts":{"lives_saved":205,"dalys_averted":8826,"job_years_preserved":187773,"job_years_created":622794},"components":[{"dividend":"D1","name":"avoided_direct_losses","kind":"economic","npv_usd":270400000.0,"placeholder":false},{"dividend":"D1","name":"avoided_reconstruction_carbon","kind":"environmental","npv_usd":34410000.0,"placeholder":false},{"dividend":"D2","name":"investment_stimulus_gdp","kind":"economic","npv_usd":1390000000.0,"placeholder":false},{"dividend":"D3","name":"durability_service_life","kind":"economic","npv_usd":8506000000.0,"placeholder":false}],"url":"https://documents.worldbank.org/en/publication/documents-reports/documentdetail/993161515193991394","note":"The headline BCR counts ALL THREE dividends: D1 avoided direct losses + avoided-reconstruction carbon (GEM carbon accounting), D2 investment-stimulus GDP (multiplier on the program's own spending), D3 durability of compliant construction. Identical on the chart, the tiles, and every hex cell. Lives and DALYs stay counts."},"horizons":{"25":{"ssp_table":[{"ssp":"SSP1","bcr":5.689,"npv_benefits_usd":5566000000.0,"npv_costs_usd":978400000.0,"break_even_year":2025.0,"lives_saved":60,"dalys_averted":2595,"job_years":53679},{"ssp":"SSP2","bcr":5.887,"npv_benefits_usd":5902000000.0,"npv_costs_usd":1002000000.0,"break_even_year":2025.0,"lives_saved":58,"dalys_averted":2500,"job_years":53077},{"ssp":"SSP3","bcr":5.961,"npv_benefits_usd":5768000000.0,"npv_costs_usd":967600000.0,"break_even_year":2025.0,"lives_saved":58,"dalys_averted":2485,"job_years":52226},{"ssp":"SSP4","bcr":5.947,"npv_benefits_usd":6535000000.0,"npv_costs_usd":1099000000.0,"break_even_year":2025.0,"lives_saved":63,"dalys_averted":2710,"job_years":57725},{"ssp":"SSP5","bcr":5.969,"npv_benefits_usd":8542000000.0,"npv_costs_usd":1431000000.0,"break_even_year":2025.0,"lives_saved":97,"dalys_averted":4172,"job_years":85783}],"bins":{"npv_benefits":[6959.0,94710.0,323500.0,930100.0,3196000.0],"npv_costs":[1114.0,15220.0,52680.0,150300.0,539800.0],"bcr":[1.0,5.85,6.06,6.34],"fa_growth":[739.9,10920.0,45540.0,154000.0,729500.0],"lives":[4.053e-05,0.0007158,0.00276,0.006787,0.01672]},"dividends":{"d1_npv":166600000.0,"d2_npv":1099000000.0,"d3_npv":4636000000.0,"total_npv":5902000000.0,"npv_costs":1002000000.0,"bcr_headline":5.887,"investment":{"public_premium":976400000.0,"gov_upfront":1818000.0,"gov_ongoing":24210000.0},"counts":{"lives_saved":58,"dalys_averted":2500,"job_years_preserved":53077,"job_years_created":331398},"components":[{"dividend":"D1","name":"avoided_direct_losses","kind":"economic","npv_usd":147800000.0,"placeholder":false},{"dividend":"D1","name":"avoided_reconstruction_carbon","kind":"environmental","npv_usd":18810000.0,"placeholder":false},{"dividend":"D2","name":"investment_stimulus_gdp","kind":"economic","npv_usd":1099000000.0,"placeholder":false},{"dividend":"D3","name":"durability_service_life","kind":"economic","npv_usd":4636000000.0,"placeholder":false}],"url":"https://documents.worldbank.org/en/publication/documents-reports/documentdetail/993161515193991394","note":"The headline BCR counts ALL THREE dividends: D1 avoided direct losses + avoided-reconstruction carbon (GEM carbon accounting), D2 investment-stimulus GDP (multiplier on the program's own spending), D3 durability of compliant construction. Identical on the chart, the tiles, and every hex cell. Lives and DALYs stay counts."}},"50":{"ssp_table":[{"ssp":"SSP1","bcr":8.072,"npv_benefits_usd":9539000000.0,"npv_costs_usd":1182000000.0,"break_even_year":2025.0,"lives_saved":204,"dalys_averted":8791,"job_years":183649},{"ssp":"SSP2","bcr":8.053,"npv_benefits_usd":10200000000.0,"npv_costs_usd":1267000000.0,"break_even_year":2025.0,"lives_saved":205,"dalys_averted":8826,"job_years":187773},{"ssp":"SSP3","bcr":8.051,"npv_benefits_usd":9760000000.0,"npv_costs_usd":1212000000.0,"break_even_year":2025.0,"lives_saved":200,"dalys_averted":8618,"job_years":180485},{"ssp":"SSP4","bcr":8.123,"npv_benefits_usd":10950000000.0,"npv_costs_usd":1349000000.0,"break_even_year":2025.0,"lives_saved":212,"dalys_averted":9125,"job_years":194509},{"ssp":"SSP5","bcr":8.114,"npv_benefits_usd":14670000000.0,"npv_costs_usd":1808000000.0,"break_even_year":2025.0,"lives_saved":326,"dalys_averted":14044,"job_years":291418}],"bins":{"npv_benefits":[10700.0,146200.0,515400.0,1506000.0,5444000.0],"npv_costs":[1233.0,17790.0,61880.0,180800.0,673000.0],"bcr":[1.0,8.04,8.25,8.45],"fa_growth":[978.9,15290.0,67350.0,255800.0,1348000.0],"lives":[0.0001147,0.002223,0.008883,0.02255,0.05616]},"dividends":{"d1_npv":304800000.0,"d2_npv":1390000000.0,"d3_npv":8506000000.0,"total_npv":10200000000.0,"npv_costs":1267000000.0,"bcr_headline":8.053,"investment":{"public_premium":1236000000.0,"gov_upfront":1818000.0,"gov_ongoing":29350000.0},"counts":{"lives_saved":205,"dalys_averted":8826,"job_years_preserved":187773,"job_years_created":622794},"components":[{"dividend":"D1","name":"avoided_direct_losses","kind":"economic",