{"iso3":"NPL","name":"Nepal","generated":"2026-07-09","metrics":{"baseline_aal_2025_usd":729952740.5082281,"baseline_aal_2025_structural_usd":676995265.3045461,"baseline_aal_2025_contents_usd":52957475.20368189,"baseline_fatalities_2025_per_yr":1315.566147408625,"aal_ratio_2025":0.002581294377360848,"aal_pct_gdp_2025":0.016858454678190794,"bcr_by_ssp":{"SSP1":0.030053332878957062,"SSP2":0.02784105844282484,"SSP3":0.0281267908207011,"SSP4":0.02731433023833017,"SSP5":0.031420568418455544},"bcr_with_lives_by_ssp":{"SSP1":0.031292296822102196,"SSP2":0.028957428273588864,"SSP3":0.029273625003748804,"SSP4":0.028407551797426024,"SSP5":0.03272970371661945},"vsl_usd":233645.1807746384,"vsl_note":"VSL = 160 x GDP pc ($1,460) = $0.23M (Robinson et al. 2019 WB reference case) - side metric only","npv_benefits_by_ssp":{"SSP1":240380479.3773194,"SSP2":243304112.00117844,"SSP3":232973255.95232934,"SSP4":259260513.20702174,"SSP5":419949041.11215585},"npv_costs_by_ssp":{"SSP1":7998463276.784538,"SSP2":8739039591.5024,"SSP3":8282966138.4925165,"SSP4":9491739718.486736,"SSP5":13365418331.0538},"break_even_by_ssp":{"SSP1":null,"SSP2":null,"SSP3":null,"SSP4":null,"SSP5":null},"lives_by_ssp":{"SSP1":162.5571850231075,"SSP2":163.12586574731822,"SSP3":158.4325503622492,"SSP4":170.1721139877996,"SSP5":288.14462925108666},"job_years_by_ssp":{"SSP1":165444.3056345584,"SSP2":169887.10879948697,"SSP3":161694.40778671252,"SSP4":177551.78815978343,"SSP5":289817.8211194044},"discount_rate":0.05,"intervention":{"kind":"code_upgrade","in_force":"CDM","target":"CDH","premium_usd_m2":20.0,"note":"Raise new construction from CDM (in force) to CDH. Assumption: leapfrogging two code levels at once is unlikely; override with configure(target_level=...)."},"practice_p_national":0.6226042986666668,"comprehensiveness":1.0},"ssp_table":[{"ssp":"SSP1","bcr":0.03,"bcr_with_lives":0.031,"npv_benefits_usd":240400000.0,"npv_costs_usd":7998000000.0,"break_even_year":null,"lives_saved":163,"job_years":165444},{"ssp":"SSP2","bcr":0.028,"bcr_with_lives":0.029,"npv_benefits_usd":243300000.0,"npv_costs_usd":8739000000.0,"break_even_year":null,"lives_saved":163,"job_years":169887},{"ssp":"SSP3","bcr":0.028,"bcr_with_lives":0.029,"npv_benefits_usd":233000000.0,"npv_costs_usd":8283000000.0,"break_even_year":null,"lives_saved":158,"job_years":161694},{"ssp":"SSP4","bcr":0.027,"bcr_with_lives":0.028,"npv_benefits_usd":259300000.0,"npv_costs_usd":9492000000.0,"break_even_year":null,"lives_saved":170,"job_years":177552},{"ssp":"SSP5","bcr":0.031,"bcr_with_lives":0.033,"npv_benefits_usd":419900000.0,"npv_costs_usd":13370000000.0,"break_even_year":null,"lives_saved":288,"job_years":289818}],"dividends":{"d1_npv":279000000.0,"d2_npv":9609000000.0,"d3_npv":12190000000.0,"total_npv":22080000000.0,"npv_costs":8739000000.0,"ratio":2.527,"bcr_headline":0.028,"counts":{"lives_saved":163,"job_years_preserved":169887,"job_years_created":4364570},"components":[{"dividend":"D1","name":"avoided_direct_losses","kind":"economic","npv_usd":243300000.0,"placeholder":false},{"dividend":"D1","name":"avoided_displacement","kind":"social","npv_usd":13160000.0,"placeholder":false},{"dividend":"D1","name":"avoided_reconstruction_carbon","kind":"environmental","npv_usd":22580000.0,"placeholder":false},{"dividend":"D2","name":"investment_stimulus_gdp","kind":"economic","npv_usd":9609000000.0,"placeholder":false},{"dividend":"D3","name":"energy_savings","kind":"environmental","npv_usd":8070000000.0,"placeholder":false},{"dividend":"D3","name":"energy_carbon_value","kind":"environmental","npv_usd":3631000000.0,"placeholder":false},{"dividend":"D3","name":"fire_safety","kind":"social","npv_usd":234000000.0,"placeholder":false},{"dividend":"D3","name":"health_dalys","kind":"social","npv_usd":256800000.0,"placeholder":false},{"dividend":"D3","name":"everyday_structural_safety","kind":"social","npv_usd":0.0,"placeholder":true},{"dividend":"D3","name":"accessibility_inclusion","kind":"social","npv_usd":0.0,"placeholder":true}],"url":"https://documents.worldbank.org/en/publication/documents-reports/documentdetail/993161515193991394","note":"Each dollar counted once: D1 hazard-contingent, D2 stimulus channel only, D3 accrues on the premium-bearing new stock. The triple-dividend ratio is NOT a strict BCR (D2 contains the stimulus of the program's own spending)."},"hex":{"res":6,"n":3806,"cost_allocation":"new_value","bins":{"npv_benefits":[5.604,1024.0,6765.0,25630.0,76660.0],"npv_costs":[370.4,41320.0,219600.0,872800.0,4373000.0],"bcr":[0.05,0.1,0.25,0.5,1.0,2.0],"aal_2025":[123.6,11750.0,61820.0,143300.0,293500.0],"repl_value":[52030.0,4088000.0,21650000.0,53570000.0,136500000.0],"aal_ratio":[0.001189,0.002088,0.003124,0.004024,0.004686]}}}