{"iso3":"NPL","name":"Nepal","generated":"2026-07-09","metrics":{"baseline_aal_2025_usd":593304778.7116121,"baseline_aal_2025_structural_usd":548810672.7336557,"baseline_aal_2025_contents_usd":44494105.97795647,"baseline_fatalities_2025_per_yr":1110.3070208416484,"aal_ratio_2025":0.002098073209894803,"aal_pct_gdp_2025":0.013702533283592742,"bcr_by_ssp":{"SSP1":3.2178492854689384,"SSP2":3.208663841975196,"SSP3":3.2090742344331455,"SSP4":3.232540924615729,"SSP5":3.2220776081993914},"npv_benefits_by_ssp":{"SSP1":9399406864.212954,"SSP2":10227371542.345423,"SSP3":9680326344.01099,"SSP4":11134029267.889284,"SSP5":15743387777.485773},"npv_costs_by_ssp":{"SSP1":2921021474.3923826,"SSP2":3187423814.409189,"SSP3":3016547962.6933384,"SSP4":3444358332.2035904,"SSP5":4886098254.561821},"break_even_by_ssp":{"SSP1":2025.0,"SSP2":2025.0,"SSP3":2025.0,"SSP4":2025.0,"SSP5":2025.0},"lives_by_ssp":{"SSP1":148.9882025626953,"SSP2":149.75155788240795,"SSP3":145.20779357507178,"SSP4":156.28546420704987,"SSP5":263.8390534010436},"dalys_by_ssp":{"SSP1":6411.856285488155,"SSP2":6444.708045027308,"SSP3":6249.162604296788,"SSP4":6725.901237614598,"SSP5":11354.57750216731},"daly_factor":43.035999999999994,"daly_note":"DALYs = deaths x (YLL 41 = life expectancy 71 - age 30) + 3 injuries/death x 0.8 YLD each","job_years_by_ssp":{"SSP1":135221.4158923586,"SSP2":139102.04848207725,"SSP3":132244.59484017274,"SSP4":145440.5666752474,"SSP5":236633.66699402768},"discount_rate":0.05,"intervention":{"kind":"code_upgrade","in_force":"CDM","target":"CDH","premium_mode":"pct_of_ucc","premium_usd_m2":20.0,"premium_pct":0.03,"checklist":null,"note":"Raise new construction from CDM (in force) to CDH - premium 3.0% of construction cost (UCC). Assumption: leapfrogging two code levels at once is unlikely; override with configure(target_level=...)."},"practice_p_national":0.6226042986666668,"comprehensiveness":1.0},"ssp_table":[{"ssp":"SSP1","bcr":3.218,"npv_benefits_usd":9399000000.0,"npv_costs_usd":2921000000.0,"break_even_year":2025.0,"lives_saved":149,"dalys_averted":6412,"job_years":135221},{"ssp":"SSP2","bcr":3.209,"npv_benefits_usd":10230000000.0,"npv_costs_usd":3187000000.0,"break_even_year":2025.0,"lives_saved":150,"dalys_averted":6445,"job_years":139102},{"ssp":"SSP3","bcr":3.209,"npv_benefits_usd":9680000000.0,"npv_costs_usd":3017000000.0,"break_even_year":2025.0,"lives_saved":145,"dalys_averted":6249,"job_years":132245},{"ssp":"SSP4","bcr":3.233,"npv_benefits_usd":11130000000.0,"npv_costs_usd":3444000000.0,"break_even_year":2025.0,"lives_saved":156,"dalys_averted":6726,"job_years":145441},{"ssp":"SSP5","bcr":3.222,"npv_benefits_usd":15740000000.0,"npv_costs_usd":4886000000.0,"break_even_year":2025.0,"lives_saved":264,"dalys_averted":11355,"job_years":236634}],"dividends":{"d1_npv":224600000.0,"d2_npv":3503000000.0,"d3_npv":6500000000.0,"total_npv":10230000000.0,"npv_costs":3187000000.0,"bcr_headline":3.209,"counts":{"lives_saved":150,"dalys_averted":6445,"job_years_preserved":139102,"job_years_created":1589774},"components":[{"dividend":"D1","name":"avoided_direct_losses","kind":"economic","npv_usd":199200000.0,"placeholder":false},{"dividend":"D1","name":"avoided_reconstruction_carbon","kind":"environmental","npv_usd":25350000.0,"placeholder":false},{"dividend":"D2","name":"investment_stimulus_gdp","kind":"economic","npv_usd":3503000000.0,"placeholder":false},{"dividend":"D3","name":"durability_service_life","kind":"economic","npv_usd":6500000000.0,"placeholder":false}],"url":"https://documents.worldbank.org/en/publication/documents-reports/documentdetail/993161515193991394","note":"The headline BCR counts ALL THREE dividends: D1 avoided direct losses + avoided-reconstruction carbon (GEM carbon accounting), D2 investment-stimulus GDP (multiplier on the program's own spending), D3 durability of compliant construction. Identical on the chart, the tiles, and every hex cell. Lives and DALYs stay counts."},"context":{"emdat_deaths":8962.0,"emdat_note":"deaths in the 2015 Gorkha earthquake (EM-DAT, CRED / UCLouvain)","labor_force":8342811.0,"labor_force_year":2024},"hex":{"res":6,"n":3806,"cost_allocation":"new_value","bins":{"npv_benefits":[341.1,47360.0,261400.0,1046000.0,5092000.0],"npv_costs":[106.3,13970.0,78330.0,314900.0,1587000.0],"bcr":[0.05,0.1,0.25,0.5,1.0,2.0],"aal_2025":[103.7,9377.0,51120.0,119000.0,243100.0],"repl_value":[52030.0,4088000.0,21650000.0,53570000.0,136500000.0],"aal_ratio":[0.001028,0.001748,0.002529,0.003194,0.003703],"pga_475":[0.05,0.1,0.2,0.35,0.55,0.9],"floor_area_m2":[240.4,18360.0,94680.0,228300.0,573400.0],"fa_growth":[69.26,8159.0,46610.0,202500.0,1181000.0]}}}