{"iso3":"NPL","name":"Nepal","generated":"2026-07-13","code_adoption":{"CDL":1994,"CDM":2010},"metrics":{"baseline_aal_2025_usd":688042893.7640731,"baseline_aal_2025_structural_usd":637430843.1448497,"baseline_aal_2025_contents_usd":50612050.619223416,"baseline_fatalities_2025_per_yr":1135.752593318558,"aal_ratio_2025":0.002433090739298717,"aal_pct_gdp_2025":0.015890535506582048,"bcr_by_ssp":{"SSP1":2.451621242493818,"SSP2":2.4366841743708,"SSP3":2.438117274146035,"SSP4":2.445729463194965,"SSP5":2.466650288599244},"npv_benefits_by_ssp":{"SSP1":2897281214.323787,"SSP2":3086576674.165487,"SSP3":2955573413.551291,"SSP4":3298368342.49501,"SSP5":4460334671.828525},"npv_costs_by_ssp":{"SSP1":1181781738.5921483,"SSP2":1266711831.853425,"SSP3":1212235951.4418757,"SSP4":1348623546.5251355,"SSP5":1808255792.2555976},"break_even_by_ssp":{"SSP1":2025.1,"SSP2":2025.1,"SSP3":2025.1,"SSP4":2025.1,"SSP5":2025.1},"lives_by_ssp":{"SSP1":204.27475580156366,"SSP2":205.08594665537643,"SSP3":200.2573904671046,"SSP4":212.02931453518067,"SSP5":326.32428259693353},"dalys_by_ssp":{"SSP1":8791.168390676092,"SSP2":8826.078800260779,"SSP3":8618.277056142313,"SSP4":9124.893580336035,"SSP5":14043.691825841628},"daly_factor":43.035999999999994,"daly_note":"DALYs = deaths x (YLL 41 = life expectancy 71 - age 30) + 3 injuries/death x 0.8 YLD each","job_years_by_ssp":{"SSP1":183648.86633553205,"SSP2":187772.72972879597,"SSP3":180485.45193687992,"SSP4":194508.54221803776,"SSP5":291417.59519447136},"discount_rate":0.05,"intervention":{"kind":"code_upgrade","in_force":"CDM","target":"CDH","premium_mode":"pct_of_ucc","premium_usd_m2":20.0,"premium_pct":0.03,"checklist":null,"note":"Raise new construction from CDM (in force) to CDH - premium 3.0% of construction cost (UCC). Assumption: leapfrogging two code levels at once is unlikely; override with configure(target_level=...)."},"practice_p_national":0.6616288205758829,"comprehensiveness":1.0},"ssp_table":[{"ssp":"SSP1","bcr":2.452,"npv_benefits_usd":2897000000.0,"npv_costs_usd":1182000000.0,"break_even_year":2025.1,"lives_saved":204,"dalys_averted":8791,"job_years":183649},{"ssp":"SSP2","bcr":2.437,"npv_benefits_usd":3087000000.0,"npv_costs_usd":1267000000.0,"break_even_year":2025.1,"lives_saved":205,"dalys_averted":8826,"job_years":187773},{"ssp":"SSP3","bcr":2.438,"npv_benefits_usd":2956000000.0,"npv_costs_usd":1212000000.0,"break_even_year":2025.1,"lives_saved":200,"dalys_averted":8618,"job_years":180485},{"ssp":"SSP4","bcr":2.446,"npv_benefits_usd":3298000000.0,"npv_costs_usd":1349000000.0,"break_even_year":2025.1,"lives_saved":212,"dalys_averted":9125,"job_years":194509},{"ssp":"SSP5","bcr":2.467,"npv_benefits_usd":4460000000.0,"npv_costs_usd":1808000000.0,"break_even_year":2025.1,"lives_saved":326,"dalys_averted":14044,"job_years":291418}],"dividends":{"d1_npv":304800000.0,"d2_npv":1390000000.0,"d3_npv":1392000000.0,"total_npv":3087000000.0,"npv_costs":1267000000.0,"bcr_headline":2.437,"investment":{"public_premium":1236000000.0,"gov_upfront":1818000.0,"gov_ongoing":29350000.0},"counts":{"lives_saved":205,"dalys_averted":8826,"job_years_preserved":187773,"job_years_created":622794},"components":[{"dividend":"D1","name":"avoided_direct_losses","kind":"economic","npv_usd":270400000.0,"placeholder":false},{"dividend":"D1","name":"avoided_reconstruction_carbon","kind":"environmental","npv_usd":34410000.0,"placeholder":false},{"dividend":"D2","name":"investment_stimulus_gdp","kind":"economic","npv_usd":1390000000.0,"placeholder":false},{"dividend":"D3","name":"durability_service_life","kind":"economic","npv_usd":1392000000.0,"placeholder":false}],"url":"https://documents.worldbank.org/en/publication/documents-reports/documentdetail/993161515193991394","note":"The headline BCR counts ALL THREE dividends: D1 avoided direct losses + avoided-reconstruction carbon (GEM carbon accounting), D2 investment-stimulus GDP (multiplier on the program's own spending), D3 durability of compliant construction. Identical on the chart, the tiles, and every hex cell. Lives and DALYs stay counts."},"horizons":{"25":{"ssp_table":[{"ssp":"SSP1","bcr":1.991,"npv_benefits_usd":1948000000.0,"npv_costs_usd":978400000.0,"break_even_year":2025.1,"lives_saved":60,"dalys_averted":2595,"job_years":53679},{"ssp":"SSP2","bcr":2.019,"npv_benefits_usd":2024000000.0,"npv_costs_usd":1002000000.0,"break_even_year":2025.1,"lives_saved":58,"dalys_averted":2500,"job_years":53077},{"ssp":"SSP3","bcr":2.034,"npv_benefits_usd":1968000000.0,"npv_costs_usd":967600000.0,"break_even_year":2025.1,"lives_saved":58,"dalys_averted":2485,"job_years":52226},{"ssp":"SSP4","bcr":2.028,"npv_benefits_usd":2228000000.0,"npv_costs_usd":1099000000.0,"break_even_year":2025.1,"lives_saved":63,"dalys_averted":2710,"job_years":57725},{"ssp":"SSP5","bcr":2.05,"npv_benefits_usd":2933000000.0,"npv_costs_usd":1431000000.0,"break_even_year":2025.1,"lives_saved":97,"dalys_averted":4172,"job_years":85783}],"bins":{"npv_benefits":[2799.0,39970.0,143000.0,423400.0,1504000.0],"npv_costs":[1201.0,16860.0,59480.0,172200.0,643600.0],"npv_premium":[1169.0,16410.0,58010.0,167800.0,627000.0],"bcr":[1.0,2.16,2.43,2.62],"fa_growth":[905.7,13870.0,59560.0,224400.0,1096000.0],"lives":[9.194e-05,0.001642,0.006706,0.01853,0.05635]},"reduction":{"year":2050,"aal_baseline_usd":1010000000.0,"aal_reform_usd":985300000.0,"aal_reduction_pct":2.4,"aal_gdp_baseline_pct":0.84,"aal_gdp_reform_pct":0.82,"fatalities_baseline_yr":1980.5,"fatalities_reform_yr":1976.7,"fatalities_reduction_pct":0.2},"dividends":{"d1_npv":166600000.0,"d2_npv":1099000000.0,"d3_npv":758600000.0,"total_npv":2024000000.0,"npv_costs":1002000000.0,"bcr_headline":2.019,"investment":{"public_premium":976400000.0,"gov_upfront":1818000.0,"gov_ongoing":24210000.0},"counts":{"lives_saved":58,"dalys_averted":2500,"job_years_preserved":53077,"job_years_created":331398},"components":[{"dividend":"D1","name":"avoided_direct_losses","kind":"economic","npv_usd":147800000.0,"placeholder":false},{"dividend":"D1","name":"avoided_reconstruction_carbon","kind":"environmental","npv_usd":18810000.0,"placeholder":false},{"dividend":"D2","name":"investment_stimulus_gdp","kind":"economic","npv_usd":1099000000.0,"placeholder":false},{"dividend":"D3","name":"durability_service_life","kind":"economic","npv_usd":758600000.0,"placeholder":false}],"url":"https://documents.worldbank.org/en/publication/documents-reports/documentdetail/993161515193991394","note":"The headline BCR counts ALL THREE dividends: D1 avoided direct losses + avoided-reconstruction carbon (GEM carbon accounting), D2 investment-stimulus GDP (multiplier on the program's own spending), D3 durability of compliant construction. Identical on the chart, the tiles, and every hex cell. Lives and DALYs stay counts."}},"50":{"ssp_table":[{"ssp":"SSP1","bcr":2.452,"npv_benefits_usd":2897000000.0,"npv_costs_usd":1182000000.0,"break_even_year":2025.1,"lives_saved":204,"dalys_averted":8791,"job_years":183649},{"ssp":"SSP2","bcr":2.437,"npv_benefits_usd":3087000000.0,"npv_costs_usd":1267000000.0,"break_even_year":2025.1,"lives_saved":205,"dalys_averted":8826,"job_years":187773},{"ssp":"SSP3","bcr":2.438,"npv_benefits_usd":2956000000.0,"npv_costs_usd":1212000000.0,"break_even_year":2025.1,"lives_saved":200,"dalys_averted":8618,"job_years":180485},{"ssp":"SSP4","bcr":2.446,"npv_benefits_usd":3298000000.0,"npv_costs_usd":1349000000.0,"break_even_year":2025.1,"lives_saved":212,"dalys_averted":9125,"job_years":194509},{"ssp":"SSP5","bcr":2.467,"npv_benefits_usd":4460000000.0,"npv_costs_usd":1808000000.0,"break_even_year":2025.1,"lives_saved":326,"dalys_averted":14044,"job_years":291418}],"bins":{"npv_benefits":[2799.0,39970.0,143000.0,423400.0,1504000.0],"npv_costs":[1201.0,16860.0,59480.0,172200.0,643600.0],"npv_premium":[1169.0,16410.0,58010.0,167800.0,627000.0],"bcr":[1.0,2.16,2.43,2.62],"fa_growth":[905.7,13870.0,59560.0,224400.0,1096000.0],"lives":[9.194e-05,0.001642,0.006706,0.01853,0.05635]},"reduction":{"year":2075,