{"columns":["class","current_level","retrofit_action","aal_usd","avoided_aal_usd","avoided_fatalities_yr","retrofit_cost_usd","bcr_retrofit"],"rows":[["CR/LFINF/ERL/H:5-6/RES","CDL","CDL->CDM",75310000.0,62980000.0,16.06,2230000000.0,0.4341],["CR/LFINF/ERM/H:3-4/RES","CDL","CDL->CDM",29050000.0,25290000.0,10.19,1406000000.0,0.2765],["MUR/LWAL/ERN/H:2/FWCP/RES","-","strengthen (heuristic -35% MDR)",60170000.0,21060000.0,49.43,7660000000.0,0.04226],["MUR/LWAL/ERN/H:1/FWCP/RES","-","strengthen (heuristic -35% MDR)",52040000.0,18210000.0,82.67,5992000000.0,0.04672],["MUR/LWAL/ERN/H:3-4/FWCP/RES","-","strengthen (heuristic -35% MDR)",40250000.0,14090000.0,21.23,4635000000.0,0.04672],["CR/LFINF/ERL/H:3-4/RES","CDL","CDL->CDM",14270000.0,12170000.0,5.13,539000000.0,0.3471],["MUR+ST/LWAL/ERN/H:1/RES","-","strengthen (heuristic -35% MDR)",34670000.0,12130000.0,129.3,3557000000.0,0.05244],["CR/LFINF/ERM/H:5-6/RES","CDL","CDL->CDM",9494000.0,8146000.0,1.818,386400000.0,0.3241],["CR/LFINF/ERL/H:5-6/RES","CDM","CDM->CDH",20270000.0,7040000.0,1.061,3682000000.0,0.0294],["MUR+ST/LWAL/ERN/H:2/RES","-","strengthen (heuristic -35% MDR)",13900000.0,4866000.0,26.71,1521000000.0,0.04917],["CR/LFM/ERL/H:1-2/IND:1","CDL","CDL->CDM",5530000.0,4797000.0,0.0,239600000.0,0.3077],["CR/LFINF/ERL/H:2/RES","CDN","CDN->CDL",5822000.0,4283000.0,2.289,226700000.0,0.2905],["CR/LFINF/ERL/H:7-10/RES","CDL","CDL->CDM",4732000.0,3944000.0,0.7,132800000.0,0.4567],["MUR/LWAL/ERN/H:2/Y:2015/FWCP/RES","-","strengthen (heuristic -35% MDR)",10630000.0,3719000.0,7.435,609200000.0,0.09386],["MUR/LWAL/ERN/H:1/Y:2015/FWCP/RES","-","strengthen (heuristic -35% MDR)",10300000.0,3606000.0,14.34,575900000.0,0.09625],["MUR+ST/LWAL/ERN/H:1/Y:2015/RES","-","strengthen (heuristic -35% MDR)",8342000.0,2920000.0,27.76,582300000.0,0.07708],["CR/LFINF/ERM/H:3-4/RES","CDM","CDM->CDH",6961000.0,2740000.0,0.5677,2723000000.0,0.01547],["MUR+CLBRS/LWAL/ERN/H:1/RES","-","strengthen (heuristic -35% MDR)",7420000.0,2597000.0,5.454,1919000000.0,0.0208],["MUR/LWAL/ERN/H:1/FWCN/RES","-","strengthen (heuristic -35% MDR)",6389000.0,2236000.0,21.67,1124000000.0,0.03058],["MUR/LWAL/ERN/H:3-4/Y:2015/FWCP/RES","-","strengthen (heuristic -35% MDR)",6201000.0,2171000.0,3.132,358500000.0,0.09306]],"assumptions":{"target":"next","non_engineered_mdr_reduction":0.35,"cost_pct_of_replacement":{"DEFAULT":0.25,"MUR":0.3,"CR":0.2,"W":0.15,"S":0.15},"horizon_years":30,"discount_rate":0.05,"annuity_factor":15.37,"min_class_share":0.005,"total_existing_aal_usd":729952738.791606}}