{"years":[2025,2030,2035,2040,2045,2050,2055,2060,2065,2070,2075,2080,2085,2090,2095,2100],"epoch_step":5,"t0":2025,"m_ref":1.1,"ramp":[0.625,1.0,1.0,1.0,1.0,1.0,1.0,1.0,1.0,1.0,1.0,1.0,1.0,1.0,1.0,1.0],"default_discount":0.05,"discount_rates":[0.03,0.05,0.07,0.1],"default_premium_pct":0.03,"premium_pcts":[0.01,0.03,0.05,0.08,0.12],"horizons":[25,50,75],"default_horizon":50,"ssp":{"SSP1":{"d1_direct":[0.142837,6631330.0,9523990.0,14838900.0,18040700.0,26115000.0,29150800.0,32537900.0,36711300.0,40465300.0,43093100.0,46411100.0,48386200.0,50408300.0,51689000.0,52937700.0],"d1_carbon":[0.0181774,843904.0,1212020.0,1888400.0,2295870.0,3323400.0,3709730.0,4140770.0,4671890.0,5149620.0,5484030.0,5906290.0,6157640.0,6414960.0,6577950.0,6736870.0],"d3_durability":[3.24065,203696000.0,269121000.0,416919000.0,514871000.0,786406000.0,875574000.0,980825000.0,1126900000.0,1251040000.0,1325330000.0,1431980000.0,1488320000.0,1546460000.0,1584320000.0,1622600000.0],"gov_upfront":[400000.0,0.0,0.0,0.0,0.0,0.0,0.0,0.0,0.0,0.0,0.0,0.0,0.0,0.0,0.0,0.0],"gov_ongoing":[1500000.0,1500000.0,1500000.0,1500000.0,1500000.0,1500000.0,1500000.0,1500000.0,1500000.0,1500000.0,1500000.0,1500000.0,1500000.0,1500000.0,1500000.0,1500000.0],"premium_base":[59.4114,3666530000.0,1177650000.0,2660360000.0,1763140000.0,4887620000.0,1605040000.0,1894500000.0,2629290000.0,2234580000.0,1337220000.0,1919690000.0,1014070000.0,1046500000.0,681561000.0,688964000.0]},"SSP2":{"d1_direct":[0.142837,6251410.0,10718500.0,13434300.0,19661800.0,24241300.0,29654100.0,33767400.0,37727900.0,41589800.0,45835300.0,50095600.0,52930300.0,55290400.0,57055000.0,58657000.0],"d1_carbon":[0.0181774,795555.0,1364040.0,1709650.0,2502170.0,3084950.0,3773780.0,4297240.0,4801260.0,5292730.0,5833000.0,6375180.0,6735910.0,7036270.0,7260830.0,7464700.0],"d3_durability":[3.24065,199641000.0,335466000.0,409289000.0,622569000.0,764985000.0,941543000.0,1072110000.0,1190340000.0,1300520000.0,1437890000.0,1576010000.0,1662660000.0,1726670000.0,1780940000.0,1828180000.0],"gov_upfront":[400000.0,0.0,0.0,0.0,0.0,0.0,0.0,0.0,0.0,0.0,0.0,0.0,0.0,0.0,0.0,0.0],"gov_ongoing":[1500000.0,1500000.0,1500000.0,1500000.0,1500000.0,1500000.0,1500000.0,1500000.0,1500000.0,1500000.0,1500000.0,1500000.0,1500000.0,1500000.0,1500000.0,1500000.0],"premium_base":[59.4114,3593540000.0,2444850000.0,1328820000.0,3839030000.0,2563490000.0,3178050000.0,2350270000.0,2128050000.0,1983250000.0,2472640000.0,2486200000.0,1559700000.0,1152100000.0,976994000.0,850210000.0]},"SSP3":{"d1_direct":[0.142837,5938100.0,9316450.0,15182700.0,19502600.0,23177000.0,27788500.0,32110700.0,35691700.0,39367200.0,44604700.0,48533800.0,51628000.0,54303500.0,56220600.0,57964200.0],"d1_carbon":[0.0181774,755683.0,1185610.0,1932150.0,2481900.0,2949510.0,3536370.0,4086410.0,4542130.0,5009880.0,5676390.0,6176420.0,6570190.0,6910680.0,7154640.0,7376530.0],"d3_durability":[3.24065,191467000.0,282692000.0,481129000.0,613269000.0,722571000.0,866871000.0,996946000.0,1096770000.0,1197760000.0,1371850000.0,1483860000.0,1570730000.0,1640480000.0,1699510000.0,1750690000.0],"gov_upfront":[400000.0,0.0,0.0,0.0,0.0,0.0,0.0,0.0,0.0,0.0,0.0,0.0,0.0,0.0,0.0,0.0],"gov_ongoing":[1500000.0,1500000.0,1500000.0,1500000.0,1500000.0,1500000.0,1500000.0,1500000.0,1500000.0,1500000.0,1500000.0,1500000.0,1500000.0,1500000.0,1500000.0,1500000.0],"premium_base":[59.4114,3446410000.0,1642040000.0,3571870000.0,2378520000.0,1967450000.0,2597390000.0,2341350000.0,1796830000.0,1817860000.0,3133530000.0,2016170000.0,1563750000.0,1255460000.0,1062510000.0,921346000.0]},"SSP4":{"d1_direct":[0.142837,6097910.0,10972600.0,17128700.0,20949400.0,25665900.0,29149700.0,34416900.0,39218200.0,42839300.0,45873400.0,49212600.0,51702500.0,54524900.0,56232400.0,57837300.0],"d1_carbon":[0.0181774,776021.0,1396380.0,2179810.0,2666020.0,3266250.0,3709590.0,4379890.0,4990910.0,5451730.0,5837860.0,6262800.0,6579670.0,6938850.0,7156140.0,7360380.0],"d3_durability":[3.24065,200016000.0,340009000.0,557863000.0,674113000.0,829261000.0,932922000.0,1106270000.0,1277520000.0,1387060000.0,1475060000.0,1573850000.0,1643510000.0,1734140000.0,1789040000.0,1839360000.0],"gov_upfront":[400000.0,0.0,0.0,0.0,0.0,0.0,0.0,0.0,0.0,0.0,0.0,0.0,0.0,0.0,0.0,0.0],"gov_ongoing":[1500000.0,1500000.0,1500000.0,1500000.0,1500000.0,1500000.0,1500000.0,1500000.0,1500000.0,1500000.0,1500000.0,1500000.0,1500000.0,1500000.0,1500000.0,1500000.0],"premium_base":[59.4114,3600280000.0,2519880000.0,3921370000.0,2092500000.0,2792670000.0,1865890000.0,3120250000.0,3082550000.0,1971610000.0,1584020000.0,1778190000.0,1254010000.0,1631370000.0,988085000.0,905872000.0]},"SSP5":{"d1_direct":[0.142837,7613400.0,17324100.0,24239100.0,31950200.0,38969900.0,45223700.0,51515200.0,58582400.0,63590000.0,68976600.0,73758200.0,78470500.0,82871400.0,88035500.0,92217800.0],"d1_carbon":[0.0181774,968882.0,2204660.0,3084670.0,4065990.0,4959320.0,5755170.0,6555830.0,7455210.0,8092480.0,8777980.0,9386470.0,9986170.0,10546200.0,11203400.0,11735700.0],"d3_durability":[3.24065,227928000.0,497002000.0,688057000.0,895604000.0,1093610000.0,1292500000.0,1489830000.0,1746080000.0,1903890000.0,2085010000.0,2243580000.0,2416740000.0,2576260000.0,2844780000.0,3052500000.0],"gov_upfront":[400000.0,0.0,0.0,0.0,0.0,0.0,0.0,0.0,0.0,0.0,0.0,0.0,0.0,0.0,0.0,0.0],"gov_ongoing":[1500000.0,1500000.0,1500000.0,1500000.0,1500000.0,1500000.0,1500000.0,1500000.0,1500000.0,1500000.0,1500000.0,1500000.0,1500000.0,1500000.0,1500000.0,1500000.0],"premium_base":[59.4114,4102700000.0,4843330000.0,3438990000.0,3735850000.0,3564200000.0,3579900000.0,3552000000.0,4612440000.0,2840550000.0,3260280000.0,2854170000.0,3117000000.0,2871240000.0,4833370000.0,3738970000.0]}}}