{"years":[2025,2030,2035,2040,2045,2050,2055,2060,2065,2070,2075,2080,2085,2090,2095,2100],"epoch_step":5,"t0":2025,"m_ref":1.1,"ramp":[0.625,1.0,1.0,1.0,1.0,1.0,1.0,1.0,1.0,1.0,1.0,1.0,1.0,1.0,1.0,1.0],"default_discount":0.05,"discount_rates":[0.03,0.05,0.07,0.1],"default_premium_pct":0.03,"premium_pcts":[0.01,0.03,0.05,0.08,0.12],"bfp":{"p_national":0.662,"k_min":0.5,"k_max":1.23},"horizons":[25,50,75],"default_horizon":50,"ssp":{"SSP1":{"d1_direct":[0.142837,6631330.0,9523990.0,14838900.0,18040700.0,26115000.0,29150800.0,32537900.0,36711300.0,40465300.0,43093100.0,46411100.0,48386200.0,50408300.0,51689000.0,52937700.0],"d1_carbon":[0.0181774,843904.0,1212020.0,1888400.0,2295870.0,3323400.0,3709730.0,4140770.0,4671890.0,5149620.0,5484030.0,5906290.0,6157640.0,6414960.0,6577950.0,6736870.0],"d3_durability":[0.449447,27777200.0,36850700.0,57116200.0,70446500.0,107359000.0,119557000.0,133941000.0,153833000.0,170785000.0,181022000.0,195651000.0,203433000.0,211468000.0,216690000.0,221961000.0],"gov_upfront":[400000.0,0.0,0.0,0.0,0.0,0.0,0.0,0.0,0.0,0.0,0.0,0.0,0.0,0.0,0.0,0.0],"gov_ongoing":[1500000.0,1500000.0,1500000.0,1500000.0,1500000.0,1500000.0,1500000.0,1500000.0,1500000.0,1500000.0,1500000.0,1500000.0,1500000.0,1500000.0,1500000.0,1500000.0],"premium_base":[50.4146,3055490000.0,998087000.0,2229210000.0,1466330000.0,4060410000.0,1341780000.0,1582200000.0,2188180000.0,1864640000.0,1126110000.0,1609180000.0,855993000.0,883867000.0,574392000.0,579803000.0]},"SSP2":{"d1_direct":[0.142837,6251410.0,10718500.0,13434300.0,19661800.0,24241300.0,29654100.0,33767400.0,37727900.0,41589800.0,45835300.0,50095600.0,52930300.0,55290400.0,57055000.0,58657000.0],"d1_carbon":[0.0181774,795555.0,1364040.0,1709650.0,2502170.0,3084950.0,3773780.0,4297240.0,4801260.0,5292730.0,5833000.0,6375180.0,6735910.0,7036270.0,7260830.0,7464700.0],"d3_durability":[0.449447,27181200.0,45744500.0,55890600.0,84896100.0,104349000.0,128443000.0,146256000.0,162450000.0,177578000.0,196345000.0,215231000.0,227146000.0,235994000.0,243460000.0,249970000.0],"gov_upfront":[400000.0,0.0,0.0,0.0,0.0,0.0,0.0,0.0,0.0,0.0,0.0,0.0,0.0,0.0,0.0,0.0],"gov_ongoing":[1500000.0,1500000.0,1500000.0,1500000.0,1500000.0,1500000.0,1500000.0,1500000.0,1500000.0,1500000.0,1500000.0,1500000.0,1500000.0,1500000.0,1500000.0,1500000.0],"premium_base":[50.4146,2989930000.0,2041960000.0,1116070000.0,3190610000.0,2139820000.0,2650360000.0,1959380000.0,1781360000.0,1664110000.0,2064300000.0,2077480000.0,1310680000.0,973229000.0,821287000.0,716082000.0]},"SSP3":{"d1_direct":[0.142837,5938100.0,9316450.0,15182700.0,19502600.0,23177000.0,27788500.0,32110700.0,35691700.0,39367200.0,44604700.0,48533800.0,51628000.0,54303500.0,56220600.0,57964200.0],"d1_carbon":[0.0181774,755683.0,1185610.0,1932150.0,2481900.0,2949510.0,3536370.0,4086410.0,4542130.0,5009880.0,5676390.0,6176420.0,6570190.0,6910680.0,7154640.0,7376530.0],"d3_durability":[0.449447,26041200.0,38544100.0,65540800.0,83539500.0,98464900.0,118154000.0,135946000.0,149627000.0,163524000.0,187257000.0,202663000.0,214673000.0,224356000.0,232471000.0,239522000.0],"gov_upfront":[400000.0,0.0,0.0,0.0,0.0,0.0,0.0,0.0,0.0,0.0,0.0,0.0,0.0,0.0,0.0,0.0],"gov_ongoing":[1500000.0,1500000.0,1500000.0,1500000.0,1500000.0,1500000.0,1500000.0,1500000.0,1500000.0,1500000.0,1500000.0,1500000.0,1500000.0,1500000.0,1500000.0,1500000.0],"premium_base":[50.4146,2864530000.0,1375320000.0,2969630000.0,1979870000.0,1641790000.0,2165800000.0,1957140000.0,1504840000.0,1528740000.0,2610620000.0,1694650000.0,1321050000.0,1065170000.0,892645000.0,775600000.0]},"SSP4":{"d1_direct":[0.142837,6097910.0,10972600.0,17128700.0,20949400.0,25665900.0,29149700.0,34416900.0,39218200.0,42839300.0,45873400.0,49212600.0,51702500.0,54524900.0,56232400.0,57837300.0],"d1_carbon":[0.0181774,776021.0,1396380.0,2179810.0,2666020.0,3266250.0,3709590.0,4379890.0,4990910.0,5451730.0,5837860.0,6262800.0,6579670.0,6938850.0,7156140.0,7360380.0],"d3_durability":[0.449447,27194200.0,46362100.0,75970200.0,91893800.0,113090000.0,127241000.0,150896000.0,174229000.0,189220000.0,201303000.0,214861000.0,224493000.0,236938000.0,244478000.0,251399000.0],"gov_upfront":[400000.0,0.0,0.0,0.0,0.0,0.0,0.0,0.0,0.0,0.0,0.0,0.0,0.0,0.0,0.0,0.0],"gov_ongoing":[1500000.0,1500000.0,1500000.0,1500000.0,1500000.0,1500000.0,1500000.0,1500000.0,1500000.0,1500000.0,1500000.0,1500000.0,1500000.0,1500000.0,1500000.0,1500000.0],"premium_base":[50.4146,2991360000.0,2108470000.0,3256890000.0,1751600000.0,2331570000.0,1556650000.0,2602010000.0,2566630000.0,1648970000.0,1329140000.0,1491440000.0,1059520000.0,1368950000.0,829424000.0,761241000.0]},"SSP5":{"d1_direct":[0.142837,7613400.0,17324100.0,24239100.0,31950200.0,38969900.0,45223700.0,51515200.0,58582400.0,63590000.0,68976600.0,73758200.0,78470500.0,82871400.0,88035500.0,92217800.0],"d1_carbon":[0.0181774,968882.0,2204660.0,3084670.0,4065990.0,4959320.0,5755170.0,6555830.0,7455210.0,8092480.0,8777980.0,9386470.0,9986170.0,10546200.0,11203400.0,11735700.0],"d3_durability":[0.449447,31178900.0,68281100.0,94618100.0,123315000.0,150599000.0,177690000.0,204614000.0,239444000.0,260968000.0,285648000.0,307250000.0,330719000.0,352364000.0,388281000.0,416066000.0],"gov_upfront":[400000.0,0.0,0.0,0.0,0.0,0.0,0.0,0.0,0.0,0.0,0.0,0.0,0.0,0.0,0.0,0.0],"gov_ongoing":[1500000.0,1500000.0,1500000.0,1500000.0,1500000.0,1500000.0,1500000.0,1500000.0,1500000.0,1500000.0,1500000.0,1500000.0,1500000.0,1500000.0,1500000.0,1500000.0],"premium_base":[50.4146,3429680000.0,4081250000.0,2897070000.0,3156650000.0,3001270000.0,2980010000.0,2961640000.0,3831260000.0,2367670000.0,2714790000.0,2376190000.0,2581640000.0,2380900000.0,3950900000.0,3056320000.0]}}}